fecha,ventas,efectivo,Datafono,Transferencia,Egresos,Descuentos,Bancos,efectivo_egre,T_bancos,T_efectivo,Facebook,Google,Pasando,Instagram,Recomendado,Link_agenda,Sin_fuente,C_perdidos,C_recurrentes,Cumple
11/07/2023,$1.650.000,$1.650.000,$0,$0,$0,$310.000,$0,$0,$0,$1.650.000,$1.590.000,$20.000,$40.000,$0,$0,$0,$0, 3, 0,179
10/07/2023,$610.000,$610.000,$0,$0,$0,$510.000,$0,$0,$0,$610.000,$590.000,$0,$20.000,$0,$0,$0,$0, 2, 0,179
09/07/2023,$0,$0,$0,$0,$0,$0,$0,$0,$0,$0,$0,$0,$0,$0,$0,$0,$0, 0, 0,179
08/07/2023,$0,$0,$0,$0,$0,$41.000,$0,$0,$0,$0,$0,$0,$0,$0,$0,$0,$0, 0, 0,179
07/07/2023,$55.000,$55.000,$0,$0,$0,$2.318.000,$0,$0,$0,$55.000,$15.000,$0,$0,$0,$0,$40.000,$0, 2, 0,179
06/07/2023,$990.000,$990.000,$0,$0,$0,$1.305.000,$0,$0,$0,$990.000,$0,$0,$990.000,$0,$0,$0,$0, 1, 0,179
05/07/2023,$150.000,$150.000,$0,$0,$0,$38.000,$0,$0,$0,$150.000,$0,$0,$0,$0,$0,$0,$0, 1, 0,179
04/07/2023,$845.000,$255.000,$0,$590.000,$0,$680.500,$0,$0,$590.000,$255.000,$845.000,$0,$0,$0,$0,$0,$0, 2, 0,179
03/07/2023,$0,$0,$0,$0,$0,$0,$0,$0,$0,$0,$0,$0,$0,$0,$0,$0,$0, 0, 0,179
02/07/2023,$0,$0,$0,$0,$0,$0,$0,$0,$0,$0,$0,$0,$0,$0,$0,$0,$0, 0, 0,179
01/07/2023,$0,$0,$0,$0,$0,$892.500,$0,$0,$0,$0,$0,$0,$0,$0,$0,$0,$0, 0, 0,179
30/06/2023,$40.000,$40.000,$0,$0,$0,$2.584.000,$0,$0,$0,$40.000,$0,$20.000,$20.000,$0,$0,$0,$0, 2, 0,196
29/06/2023,$1.395.000,$1.395.000,$0,$0,$2.639.774,$2.927.500,$0,$2.639.774,$0,$-1.244.774,$1.395.000,$0,$0,$0,$0,$0,$0, 2, 0,196
28/06/2023,$1.005.000,$1.005.000,$0,$0,$110.000,$2.004.000,$0,$110.000,$0,$895.000,$630.000,$0,$375.000,$0,$0,$0,$0, 3, 0,196
27/06/2023,$275.000,$275.000,$0,$0,$5.100,$415.500,$0,$5.100,$0,$269.900,$275.000,$0,$0,$0,$0,$0,$0, 2, 0,196
26/06/2023,$0,$0,$0,$0,$40.000,$177.500,$0,$40.000,$0,$-40.000,$0,$0,$0,$0,$0,$0,$0, 0, 0,196
25/06/2023,$0,$0,$0,$0,$0,$0,$0,$0,$0,$0,$0,$0,$0,$0,$0,$0,$0, 0, 0,196
24/06/2023,$1.500.000,$1.500.000,$0,$0,$207.700,$371.000,$0,$207.700,$0,$1.292.300,$1.500.000,$0,$0,$0,$0,$0,$0, 1, 0,196
23/06/2023,$50.000,$50.000,$0,$0,$0,$2.334.000,$0,$0,$0,$50.000,$50.000,$0,$0,$0,$0,$0,$0, 1, 0,196
22/06/2023,$0,$0,$0,$0,$1.628.000,$24.000,$0,$1.628.000,$0,$-1.628.000,$0,$0,$0,$0,$0,$0,$0, 0, 0,196
21/06/2023,$1.990.000,$1.990.000,$0,$0,$344.960,$1.507.000,$0,$344.960,$0,$1.645.040,$0,$0,$0,$0,$0,$0,$1.990.000, 1, 0,196
20/06/2023,$3.980.000,$1.990.000,$0,$1.990.000,$2.009.000,$2.432.000,$0,$2.009.000,$1.990.000,$-19.000,$0,$1.990.000,$0,$0,$0,$0,$1.990.000, 2, 0,196
19/06/2023,$0,$0,$0,$0,$0,$0,$0,$0,$0,$0,$0,$0,$0,$0,$0,$0,$0, 0, 0,196
18/06/2023,$0,$0,$0,$0,$0,$0,$0,$0,$0,$0,$0,$0,$0,$0,$0,$0,$0, 0, 0,196
17/06/2023,$0,$0,$0,$0,$40.000,$1.587.000,$0,$40.000,$0,$-40.000,$0,$0,$0,$0,$0,$0,$0, 0, 0,196
16/06/2023,$90.000,$90.000,$0,$0,$0,$55.000,$0,$0,$0,$90.000,$0,$0,$0,$0,$90.000,$0,$0, 1, 0,196
15/06/2023,$550.000,$550.000,$0,$0,$1.811.239,$672.500,$0,$1.811.239,$0,$-1.261.239,$550.000,$0,$0,$0,$0,$0,$0, 1, 0,196
14/06/2023,$3.980.000,$3.980.000,$0,$0,$2.179.900,$2.510.500,$0,$2.179.900,$0,$1.800.100,$3.980.000,$0,$0,$0,$0,$0,$0, 2, 0,196
13/06/2023,$1.915.000,$1.890.000,$25.000,$0,$5.335.340,$1.728.000,$0,$5.335.340,$25.000,$-3.445.340,$0,$0,$25.000,$0,$0,$0,$1.890.000, 2, 0,196
12/06/2023,$0,$0,$0,$0,$0,$0,$0,$0,$0,$0,$0,$0,$0,$0,$0,$0,$0, 0, 0,196
11/06/2023,$0,$0,$0,$0,$0,$0,$0,$0,$0,$0,$0,$0,$0,$0,$0,$0,$0, 0, 0,196
10/06/2023,$1.855.000,$1.855.000,$0,$0,$340.000,$130.000,$0,$340.000,$0,$1.515.000,$1.790.000,$0,$5.000,$60.000,$0,$0,$0, 4, 0,196
09/06/2023,$20.000,$20.000,$0,$0,$824.950,$147.500,$0,$824.950,$0,$-804.950,$0,$0,$20.000,$0,$0,$0,$0, 1, 0,196
08/06/2023,$20.000,$20.000,$0,$0,$0,$185.000,$0,$0,$0,$20.000,$20.000,$0,$0,$0,$0,$0,$0, 1, 0,196
07/06/2023,$20.000,$20.000,$0,$0,$0,$36.000,$0,$0,$0,$20.000,$20.000,$0,$0,$0,$0,$0,$0, 1, 0,196
06/06/2023,$0,$0,$0,$0,$0,$82.500,$0,$0,$0,$0,$0,$0,$0,$0,$0,$0,$0, 0, 0,196
05/06/2023,$630.000,$630.000,$0,$0,$0,$550.000,$0,$0,$0,$630.000,$550.000,$0,$40.000,$0,$0,$0,$0, 3, 0,196
04/06/2023,$0,$0,$0,$0,$0,$0,$0,$0,$0,$0,$0,$0,$0,$0,$0,$0,$0, 0, 0,196
03/06/2023,$140.000,$40.000,$100.000,$0,$46.000,$174.500,$0,$46.000,$100.000,$-6.000,$140.000,$0,$0,$0,$0,$0,$0, 2, 0,196
02/06/2023,$1.550.000,$1.550.000,$0,$0,$5.733.391,$3.225.000,$0,$5.733.391,$0,$-4.183.391,$200.000,$1.350.000,$0,$0,$0,$0,$0, 2, 0,196
01/06/2023,$2.700.000,$2.700.000,$0,$0,$1.955.000,$2.850.000,$1.900.000,$55.000,$-1.900.000,$2.645.000,$2.550.000,$0,$20.000,$0,$0,$0,$130.000, 5, 0,196
31/05/2023,$1.010.000,$1.010.000,$0,$0,$330.000,$2.300.000,$0,$330.000,$0,$680.000,$420.000,$590.000,$0,$0,$0,$0,$0, 3, 0,191
30/05/2023,$4.149.000,$4.149.000,$0,$0,$2.200.000,$6.322.500,$0,$2.200.000,$0,$1.949.000,$2.224.000,$1.900.000,$25.000,$0,$0,$0,$0, 5, 0,191
29/05/2023,$100.000,$100.000,$0,$0,$0,$560.000,$0,$0,$0,$100.000,$100.000,$0,$0,$0,$0,$0,$0, 1, 0,191
28/05/2023,$0,$0,$0,$0,$0,$0,$0,$0,$0,$0,$0,$0,$0,$0,$0,$0,$0, 0, 0,191
27/05/2023,$1.235.000,$1.155.000,$80.000,$0,$333.800,$1.365.000,$0,$333.800,$80.000,$821.200,$945.000,$0,$120.000,$0,$0,$150.000,$0, 5, 0,191
26/05/2023,$0,$0,$0,$0,$175.000,$18.000,$0,$175.000,$0,$-175.000,$0,$0,$0,$0,$0,$0,$0, 0, 0,191
25/05/2023,$590.000,$590.000,$0,$0,$614.489,$4.580.000,$0,$614.489,$0,$-24.489,$590.000,$0,$0,$0,$0,$0,$0, 1, 0,191
24/05/2023,$2.470.000,$480.000,$1.990.000,$0,$1.365.400,$4.010.000,$0,$1.365.400,$1.990.000,$-885.400,$480.000,$0,$0,$1.990.000,$0,$0,$0, 3, 0,191
23/05/2023,$990.000,$990.000,$0,$0,$0,$190.000,$0,$0,$0,$990.000,$990.000,$0,$0,$0,$0,$0,$0, 1, 0,191
22/05/2023,$0,$0,$0,$0,$0,$0,$0,$0,$0,$0,$0,$0,$0,$0,$0,$0,$0, 0, 0,191
21/05/2023,$0,$0,$0,$0,$0,$0,$0,$0,$0,$0,$0,$0,$0,$0,$0,$0,$0, 0, 0,191
20/05/2023,$1.087.000,$990.000,$0,$97.000,$2.461.100,$359.500,$1.600.000,$861.100,$-1.503.000,$128.900,$1.087.000,$0,$0,$0,$0,$0,$0, 2, 0,191
19/05/2023,$5.950.000,$35.000,$0,$5.915.000,$635.000,$3.890.000,$0,$635.000,$5.915.000,$-600.000,$3.960.000,$0,$0,$0,$0,$0,$1.990.000, 6, 0,191
18/05/2023,$60.000,$60.000,$0,$0,$5.000,$390.000,$0,$5.000,$0,$55.000,$0,$0,$40.000,$0,$0,$0,$0, 2, 0,191
17/05/2023,$1.000.000,$1.000.000,$0,$0,$1.500.000,$2.420.000,$0,$1.500.000,$0,$-500.000,$1.000.000,$0,$0,$0,$0,$0,$0, 1, 0,191
16/05/2023,$3.130.000,$3.130.000,$0,$0,$818.903,$1.330.000,$0,$818.903,$0,$2.311.097,$0,$2.980.000,$150.000,$0,$0,$0,$0, 3, 0,191
15/05/2023,$18.000,$18.000,$0,$0,$541.191,$2.000,$0,$541.191,$0,$-523.191,$0,$18.000,$0,$0,$0,$0,$0, 1, 0,191
14/05/2023,$0,$0,$0,$0,$0,$0,$0,$0,$0,$0,$0,$0,$0,$0,$0,$0,$0, 0, 0,191
13/05/2023,$0,$0,$0,$0,$2.620.000,$25.000,$0,$2.620.000,$0,$-2.620.000,$0,$0,$0,$0,$0,$0,$0, 0, 0,191
12/05/2023,$1.990.000,$1.000.000,$0,$990.000,$181.889,$1.210.000,$0,$181.889,$990.000,$818.111,$1.990.000,$0,$0,$0,$0,$0,$0, 1, 0,191
11/05/2023,$100.000,$100.000,$0,$0,$300.000,$672.000,$0,$300.000,$0,$-200.000,$100.000,$0,$0,$0,$0,$0,$0, 1, 0,191
10/05/2023,$30.000,$0,$30.000,$0,$18.380,$25.000,$0,$18.380,$30.000,$-18.380,$30.000,$0,$0,$0,$0,$0,$0, 1, 0,191
09/05/2023,$20.000,$20.000,$0,$0,$68.000,$45.000,$0,$68.000,$0,$-48.000,$0,$0,$0,$0,$0,$20.000,$0, 1, 0,191
08/05/2023,$890.000,$890.000,$0,$0,$0,$260.000,$0,$0,$0,$890.000,$890.000,$0,$0,$0,$0,$0,$0, 1, 0,191
07/05/2023,$0,$0,$0,$0,$0,$0,$0,$0,$0,$0,$0,$0,$0,$0,$0,$0,$0, 0, 0,191
06/05/2023,$130.000,$130.000,$0,$0,$2.860.340,$1.075.000,$0,$2.860.340,$0,$-2.730.340,$130.000,$0,$0,$0,$0,$0,$0, 2, 0,191
05/05/2023,$70.000,$70.000,$0,$0,$4.759.511,$50.000,$2.358.451,$2.401.060,$-2.358.451,$-2.331.060,$0,$0,$20.000,$0,$50.000,$0,$0, 2, 0,191
04/05/2023,$40.000,$40.000,$0,$0,$35.000,$0,$0,$35.000,$0,$5.000,$0,$0,$40.000,$0,$0,$0,$0, 1, 0,191
03/05/2023,$450.000,$450.000,$0,$0,$284.500,$65.000,$0,$284.500,$0,$165.500,$450.000,$0,$0,$0,$0,$0,$0, 2, 0,191
02/05/2023,$4.810.000,$1.990.000,$1.580.000,$1.240.000,$277.800,$4.900.000,$0,$277.800,$2.820.000,$1.712.200,$2.820.000,$0,$0,$1.990.000,$0,$0,$0, 3, 0,191
01/05/2023,$0,$0,$0,$0,$0,$0,$0,$0,$0,$0,$0,$0,$0,$0,$0,$0,$0, 0, 0,191
30/04/2023,$0,$0,$0,$0,$0,$0,$0,$0,$0,$0,$0,$0,$0,$0,$0,$0,$0, 0, 0,163
29/04/2023,$940.000,$940.000,$0,$0,$0,$265.000,$0,$0,$0,$940.000,$900.000,$0,$0,$0,$40.000,$0,$0, 2, 0,163
28/04/2023,$2.110.000,$1.120.000,$990.000,$0,$1.016.000,$275.000,$0,$1.016.000,$990.000,$104.000,$990.000,$130.000,$0,$990.000,$0,$0,$0, 3, 0,163
27/04/2023,$20.000,$20.000,$0,$0,$20.112.878,$5.000,$4.426.801,$15.646.077,$-4.426.801,$-15.626.077,$0,$0,$20.000,$0,$0,$0,$0, 1, 0,163
26/04/2023,$15.000,$15.000,$0,$0,$0,$10.000,$0,$0,$0,$15.000,$15.000,$0,$0,$0,$0,$0,$0, 1, 0,163
25/04/2023,$1.990.000,$1.990.000,$0,$0,$0,$1.210.000,$0,$0,$0,$1.990.000,$0,$0,$0,$0,$0,$0,$0, 1, 0,163
24/04/2023,$1.010.000,$1.010.000,$0,$0,$0,$135.000,$0,$0,$0,$1.010.000,$1.010.000,$0,$0,$0,$0,$0,$0, 2, 0,163
23/04/2023,$0,$0,$0,$0,$0,$0,$0,$0,$0,$0,$0,$0,$0,$0,$0,$0,$0, 0, 0,163
22/04/2023,$0,$0,$0,$0,$0,$0,$0,$0,$0,$0,$0,$0,$0,$0,$0,$0,$0, 0, 0,163
21/04/2023,$0,$0,$0,$0,$0,$25.000,$0,$0,$0,$0,$0,$0,$0,$0,$0,$0,$0, 0, 0,163
20/04/2023,$65.000,$25.000,$40.000,$0,$0,$0,$0,$0,$40.000,$25.000,$40.000,$0,$0,$0,$0,$5.000,$0, 3, 0,163
19/04/2023,$2.520.000,$20.000,$2.500.000,$0,$0,$700.000,$0,$0,$2.500.000,$20.000,$2.500.000,$0,$20.000,$0,$0,$0,$0, 2, 0,163
18/04/2023,$0,$0,$0,$0,$0,$0,$0,$0,$0,$0,$0,$0,$0,$0,$0,$0,$0, 0, 0,163
17/04/2023,$1.060.000,$0,$1.060.000,$0,$0,$40.000,$0,$0,$1.060.000,$0,$1.060.000,$0,$0,$0,$0,$0,$0, 1, 0,163
16/04/2023,$0,$0,$0,$0,$0,$0,$0,$0,$0,$0,$0,$0,$0,$0,$0,$0,$0, 0, 0,163
15/04/2023,$1.975.000,$1.975.000,$0,$0,$0,$695.000,$0,$0,$0,$1.975.000,$1.600.000,$0,$0,$0,$0,$0,$0, 2, 0,163
14/04/2023,$2.520.000,$20.000,$0,$2.500.000,$0,$700.000,$0,$0,$2.500.000,$20.000,$2.520.000,$0,$0,$0,$0,$0,$0, 2, 0,163
13/04/2023,$440.000,$440.000,$0,$0,$0,$1.030.000,$0,$0,$0,$440.000,$140.000,$0,$0,$0,$0,$0,$0, 2, 0,163
12/04/2023,$1.680.000,$1.680.000,$0,$0,$0,$760.000,$0,$0,$0,$1.680.000,$1.680.000,$0,$0,$0,$0,$0,$0, 1, 0,163
11/04/2023,$1.250.000,$0,$1.250.000,$0,$0,$1.950.000,$0,$0,$1.250.000,$0,$1.250.000,$0,$0,$0,$0,$0,$0, 1, 0,163
10/04/2023,$42.000,$42.000,$0,$0,$0,$2.818.000,$0,$0,$0,$42.000,$0,$0,$0,$0,$0,$0,$0, 1, 0,163
09/04/2023,$0,$0,$0,$0,$0,$0,$0,$0,$0,$0,$0,$0,$0,$0,$0,$0,$0, 0, 0,163
08/04/2023,$0,$0,$0,$0,$0,$20.000,$0,$0,$0,$0,$0,$0,$0,$0,$0,$0,$0, 0, 0,163
07/04/2023,$0,$0,$0,$0,$0,$0,$0,$0,$0,$0,$0,$0,$0,$0,$0,$0,$0, 0, 0,163
06/04/2023,$0,$0,$0,$0,$0,$0,$0,$0,$0,$0,$0,$0,$0,$0,$0,$0,$0, 0, 0,163
05/04/2023,$2.417.000,$2.417.000,$0,$0,$0,$1.228.000,$0,$0,$0,$2.417.000,$2.332.000,$0,$40.000,$0,$45.000,$0,$0, 5, 0,163
04/04/2023,$170.000,$20.000,$150.000,$0,$0,$10.000,$0,$0,$150.000,$20.000,$0,$0,$170.000,$0,$0,$0,$0, 2, 0,163
03/04/2023,$150.000,$150.000,$0,$0,$0,$10.000,$0,$0,$0,$150.000,$0,$0,$150.000,$0,$0,$0,$0, 1, 0,163
02/04/2023,$0,$0,$0,$0,$0,$0,$0,$0,$0,$0,$0,$0,$0,$0,$0,$0,$0, 0, 0,163
01/04/2023,$1.300.000,$800.000,$500.000,$0,$0,$1.600.000,$0,$0,$500.000,$800.000,$100.000,$0,$0,$0,$0,$0,$0, 3, 0,163
31/03/2023,$4.260.000,$2.160.000,$0,$2.100.000,$17.974.003,$7.700.000,$1.123.013,$16.850.990,$976.987,$-14.690.990,$1.280.000,$0,$0,$0,$0,$80.000,$0, 5, 0,212
30/03/2023,$855.000,$55.000,$800.000,$0,$0,$5.000,$0,$0,$800.000,$55.000,$800.000,$0,$55.000,$0,$0,$0,$0, 2, 0,212
29/03/2023,$3.000.000,$3.000.000,$0,$0,$0,$1.300.000,$0,$0,$0,$3.000.000,$3.000.000,$0,$0,$0,$0,$0,$0, 1, 0,212
28/03/2023,$2.400.000,$2.400.000,$0,$0,$0,$800.000,$0,$0,$0,$2.400.000,$2.400.000,$0,$0,$0,$0,$0,$0, 1, 0,212
27/03/2023,$0,$0,$0,$0,$0,$20.000,$0,$0,$0,$0,$0,$0,$0,$0,$0,$0,$0, 0, 0,212
26/03/2023,$0,$0,$0,$0,$0,$0,$0,$0,$0,$0,$0,$0,$0,$0,$0,$0,$0, 0, 0,212
25/03/2023,$0,$0,$0,$0,$0,$0,$0,$0,$0,$0,$0,$0,$0,$0,$0,$0,$0, 0, 0,212
24/03/2023,$82.000,$82.000,$0,$0,$0,$23.000,$0,$0,$0,$82.000,$72.000,$10.000,$0,$0,$0,$0,$0, 3, 0,212
23/03/2023,$0,$0,$0,$0,$0,$0,$0,$0,$0,$0,$0,$0,$0,$0,$0,$0,$0, 0, 0,212
22/03/2023,$40.000,$40.000,$0,$0,$0,$80.000,$0,$0,$0,$40.000,$0,$0,$0,$0,$0,$0,$0, 1, 0,212
21/03/2023,$0,$0,$0,$0,$0,$0,$0,$0,$0,$0,$0,$0,$0,$0,$0,$0,$0, 0, 0,212
20/03/2023,$0,$0,$0,$0,$0,$0,$0,$0,$0,$0,$0,$0,$0,$0,$0,$0,$0, 0, 0,212
19/03/2023,$0,$0,$0,$0,$0,$0,$0,$0,$0,$0,$0,$0,$0,$0,$0,$0,$0, 0, 0,212
18/03/2023,$600.000,$600.000,$0,$0,$0,$145.000,$0,$0,$0,$600.000,$0,$0,$0,$0,$0,$0,$600.000, 1, 0,212
17/03/2023,$0,$0,$0,$0,$0,$0,$0,$0,$0,$0,$0,$0,$0,$0,$0,$0,$0, 0, 0,212
16/03/2023,$0,$0,$0,$0,$0,$0,$0,$0,$0,$0,$0,$0,$0,$0,$0,$0,$0, 0, 0,212
15/03/2023,$1.170.000,$1.020.000,$0,$150.000,$0,$600.000,$0,$0,$150.000,$1.020.000,$1.020.000,$0,$0,$0,$0,$0,$150.000, 2, 0,212
14/03/2023,$4.754.850,$4.632.000,$122.850,$0,$0,$2.315.150,$0,$0,$122.850,$4.632.000,$1.202.850,$0,$1.140.000,$0,$0,$0,$2.400.000, 5, 0,212
13/03/2023,$0,$0,$0,$0,$0,$900.000,$0,$0,$0,$0,$0,$0,$0,$0,$0,$0,$0, 0, 0,212
12/03/2023,$0,$0,$0,$0,$0,$0,$0,$0,$0,$0,$0,$0,$0,$0,$0,$0,$0, 0, 0,212
11/03/2023,$4.700.000,$2.300.000,$0,$2.400.000,$0,$800.000,$0,$0,$2.400.000,$2.300.000,$2.400.000,$0,$2.300.000,$0,$0,$0,$0, 2, 0,212
10/03/2023,$20.000,$20.000,$0,$0,$0,$0,$0,$0,$0,$20.000,$0,$20.000,$0,$0,$0,$0,$0, 1, 0,212
09/03/2023,$180.000,$180.000,$0,$0,$0,$0,$0,$0,$0,$180.000,$0,$0,$180.000,$0,$0,$0,$0, 1, 0,212
08/03/2023,$812.000,$812.000,$0,$0,$0,$2.783.000,$0,$0,$0,$812.000,$312.000,$0,$500.000,$0,$0,$0,$0, 3, 0,212
07/03/2023,$0,$0,$0,$0,$0,$10.000,$0,$0,$0,$0,$0,$0,$0,$0,$0,$0,$0, 0, 0,212
06/03/2023,$20.000,$20.000,$0,$0,$0,$92.000,$0,$0,$0,$20.000,$20.000,$0,$0,$0,$0,$0,$0, 1, 0,212
05/03/2023,$0,$0,$0,$0,$0,$0,$0,$0,$0,$0,$0,$0,$0,$0,$0,$0,$0, 0, 0,212
04/03/2023,$1.055.000,$305.000,$0,$750.000,$0,$800.000,$0,$0,$750.000,$305.000,$0,$0,$0,$50.000,$0,$255.000,$0, 3, 0,212
03/03/2023,$30.000,$30.000,$0,$0,$0,$10.000,$0,$0,$0,$30.000,$0,$0,$20.000,$0,$0,$0,$10.000, 2, 0,212
02/03/2023,$275.000,$20.000,$255.000,$0,$0,$175.000,$0,$0,$255.000,$20.000,$255.000,$0,$20.000,$0,$0,$0,$0, 2, 0,212
01/03/2023,$1.109.000,$297.000,$0,$812.000,$0,$811.000,$0,$0,$812.000,$297.000,$852.000,$0,$257.000,$0,$0,$0,$0, 6, 0,212
28/02/2023,$1.000.000,$1.000.000,$0,$0,$10.878.142,$607.500,$91.191,$10.786.951,$-91.191,$-9.786.951,$1.000.000,$0,$0,$0,$0,$0,$0, 1, 0,191
27/02/2023,$3.515.000,$3.515.000,$0,$0,$0,$1.735.000,$0,$0,$0,$3.515.000,$865.000,$0,$0,$0,$150.000,$0,$0, 3, 0,191
26/02/2023,$0,$0,$0,$0,$0,$0,$0,$0,$0,$0,$0,$0,$0,$0,$0,$0,$0, 0, 0,191
25/02/2023,$520.000,$170.000,$350.000,$0,$0,$0,$0,$0,$350.000,$170.000,$370.000,$0,$0,$0,$150.000,$0,$0, 3, 0,191
24/02/2023,$100.000,$0,$100.000,$0,$0,$27.500,$0,$0,$100.000,$0,$0,$0,$0,$0,$0,$0,$0, 1, 0,191
23/02/2023,$1.700.000,$1.000.000,$0,$700.000,$0,$1.275.000,$0,$0,$700.000,$1.000.000,$0,$350.000,$150.000,$0,$0,$0,$0, 3, 0,191
22/02/2023,$1.080.000,$1.080.000,$0,$0,$0,$500.000,$0,$0,$0,$1.080.000,$1.000.000,$0,$0,$0,$0,$80.000,$0, 2, 0,191
21/02/2023,$3.510.000,$950.000,$2.560.000,$0,$0,$3.930.000,$0,$0,$2.560.000,$950.000,$3.310.000,$200.000,$0,$0,$0,$0,$0, 3, 0,191
20/02/2023,$5.500.000,$5.180.000,$320.000,$0,$0,$1.895.000,$0,$0,$320.000,$5.180.000,$320.000,$0,$3.020.000,$0,$160.000,$0,$2.000.000, 5, 0,191
19/02/2023,$0,$0,$0,$0,$0,$0,$0,$0,$0,$0,$0,$0,$0,$0,$0,$0,$0, 0, 0,191
18/02/2023,$600.000,$600.000,$0,$0,$0,$900.000,$0,$0,$0,$600.000,$600.000,$0,$0,$0,$0,$0,$0, 1, 0,191
17/02/2023,$160.000,$160.000,$0,$0,$0,$0,$0,$0,$0,$160.000,$0,$0,$160.000,$0,$0,$0,$0, 2, 0,191
16/02/2023,$247.000,$247.000,$0,$0,$0,$703.000,$0,$0,$0,$247.000,$0,$0,$27.000,$0,$0,$0,$120.000, 3, 0,191
15/02/2023,$2.550.000,$150.000,$0,$2.400.000,$0,$1.000.000,$0,$0,$2.400.000,$150.000,$0,$0,$0,$0,$150.000,$0,$2.400.000, 2, 0,191
14/02/2023,$1.050.000,$1.000.000,$0,$50.000,$0,$2.150.000,$0,$0,$50.000,$1.000.000,$1.050.000,$0,$0,$0,$0,$0,$0, 1, 0,191
13/02/2023,$2.222.000,$1.020.000,$1.202.000,$0,$2.829.000,$1.118.000,$0,$2.829.000,$1.202.000,$-1.809.000,$1.732.000,$0,$0,$0,$0,$0,$0, 4, 0,191
12/02/2023,$0,$0,$0,$0,$0,$0,$0,$0,$0,$0,$0,$0,$0,$0,$0,$0,$0, 0, 0,191
11/02/2023,$2.400.000,$2.400.000,$0,$0,$0,$900.000,$0,$0,$0,$2.400.000,$2.400.000,$0,$0,$0,$0,$0,$0, 1, 0,191
31/12/2022,$1.404.000,$0,$0,$1.404.000,$2.051.000,$2.896.000,$1.400.000,$651.000,$4.000,$-651.000,$404.000,$1.000.000,$0,$0,$0,$0,$0, 2, 0,223
30/12/2022,$530.000,$200.000,$0,$330.000,$423.500,$3.080.000,$0,$423.500,$330.000,$-223.500,$0,$200.000,$330.000,$0,$0,$0,$0, 4, 0,223
29/12/2022,$3.225.000,$3.225.000,$0,$0,$204.700,$4.990.000,$0,$204.700,$0,$3.020.300,$0,$0,$3.050.000,$0,$120.000,$0,$55.000, 4, 0,223
28/12/2022,$195.000,$195.000,$0,$0,$42.800,$125.000,$0,$42.800,$0,$152.200,$0,$0,$0,$175.000,$0,$20.000,$0, 2, 0,223
27/12/2022,$610.000,$10.000,$0,$600.000,$7.870.410,$80.000,$91.360,$7.779.050,$508.640,$-7.769.050,$0,$610.000,$0,$0,$0,$0,$0, 2, 0,223
26/12/2022,$1.080.000,$20.000,$1.000.000,$60.000,$0,$80.000,$0,$0,$1.060.000,$20.000,$0,$1.020.000,$60.000,$0,$0,$0,$0, 3, 0,223
25/12/2022,$0,$0,$0,$0,$0,$0,$0,$0,$0,$0,$0,$0,$0,$0,$0,$0,$0, 0, 0,223
24/12/2022,$40.000,$40.000,$0,$0,$0,$90.000,$0,$0,$0,$40.000,$0,$0,$0,$0,$0,$0,$40.000, 1, 0,223
23/12/2022,$662.000,$212.000,$0,$450.000,$0,$658.000,$0,$0,$450.000,$212.000,$120.000,$462.000,$80.000,$0,$0,$0,$0, 5, 0,223
22/12/2022,$10.000,$10.000,$0,$0,$0,$10.000,$0,$0,$0,$10.000,$0,$0,$0,$0,$0,$0,$0, 1, 0,223
21/12/2022,$0,$0,$0,$0,$0,$0,$0,$0,$0,$0,$0,$0,$0,$0,$0,$0,$0, 1, 0,223
20/12/2022,$1.080.000,$1.080.000,$0,$0,$0,$100.000,$0,$0,$0,$1.080.000,$0,$0,$50.000,$0,$0,$0,$1.020.000, 5, 0,223
19/12/2022,$3.350.000,$3.350.000,$0,$0,$0,$2.130.000,$0,$0,$0,$3.350.000,$1.250.000,$1.080.000,$0,$0,$0,$0,$0, 4, 0,223
18/12/2022,$0,$0,$0,$0,$0,$0,$0,$0,$0,$0,$0,$0,$0,$0,$0,$0,$0, 0, 0,223
17/12/2022,$1.190.000,$1.190.000,$0,$0,$0,$70.000,$0,$0,$0,$1.190.000,$35.000,$0,$160.000,$600.000,$45.000,$0,$0, 6, 0,223
16/12/2022,$205.000,$125.000,$80.000,$0,$0,$35.000,$0,$0,$80.000,$125.000,$60.000,$0,$0,$65.000,$80.000,$0,$0, 4, 0,223
15/12/2022,$2.110.000,$120.000,$0,$1.990.000,$0,$1.250.000,$0,$0,$1.990.000,$120.000,$0,$1.990.000,$0,$0,$0,$0,$0, 3, 0,223
14/12/2022,$0,$0,$0,$0,$75.400,$0,$0,$75.400,$0,$-75.400,$0,$0,$0,$0,$0,$0,$0, 0, 0,223
13/12/2022,$788.000,$788.000,$0,$0,$3.110.622,$162.000,$0,$3.110.622,$0,$-2.322.622,$58.000,$0,$0,$0,$0,$0,$0, 3, 0,223
12/12/2022,$25.000,$25.000,$0,$0,$0,$15.000,$0,$0,$0,$25.000,$0,$0,$0,$25.000,$0,$0,$0, 1, 0,223
11/12/2022,$0,$0,$0,$0,$0,$0,$0,$0,$0,$0,$0,$0,$0,$0,$0,$0,$0, 0, 0,223
10/12/2022,$70.000,$70.000,$0,$0,$0,$10.000,$0,$0,$0,$70.000,$0,$0,$70.000,$0,$0,$0,$0, 3, 0,223
09/12/2022,$620.000,$40.000,$580.000,$0,$0,$220.000,$0,$0,$580.000,$40.000,$20.000,$0,$20.000,$0,$0,$0,$0, 3, 0,223
08/12/2022,$0,$0,$0,$0,$0,$0,$0,$0,$0,$0,$0,$0,$0,$0,$0,$0,$0, 0, 0,223
07/12/2022,$1.075.000,$475.000,$0,$600.000,$0,$135.000,$0,$0,$600.000,$475.000,$350.000,$600.000,$125.000,$0,$0,$0,$0, 4, 0,223
06/12/2022,$1.420.000,$1.420.000,$0,$0,$9.701.788,$2.760.000,$2.049.280,$7.652.508,$-2.049.280,$-6.232.508,$1.250.000,$0,$170.000,$0,$0,$0,$0, 4, 0,223
05/12/2022,$1.830.000,$1.480.000,$350.000,$0,$3.000.000,$820.000,$0,$3.000.000,$350.000,$-1.520.000,$350.000,$0,$0,$1.480.000,$0,$0,$0, 4, 0,223
04/12/2022,$0,$0,$0,$0,$0,$0,$0,$0,$0,$0,$0,$0,$0,$0,$0,$0,$0, 0, 0,223
03/12/2022,$2.415.000,$2.065.000,$350.000,$0,$0,$4.750.000,$0,$0,$350.000,$2.065.000,$1.100.000,$0,$175.000,$1.075.000,$45.000,$20.000,$0, 6, 0,223
02/12/2022,$1.250.000,$1.250.000,$0,$0,$0,$650.000,$0,$0,$0,$1.250.000,$1.250.000,$0,$0,$0,$0,$0,$0, 1, 0,223
01/12/2022,$1.560.000,$1.560.000,$0,$0,$0,$1.720.000,$0,$0,$0,$1.560.000,$0,$0,$0,$1.500.000,$0,$0,$0, 3, 0,223
30/11/2022,$8.270.000,$3.820.000,$3.460.000,$990.000,$1.376.940,$10.770.000,$0,$1.376.940,$4.450.000,$2.443.060,$3.850.000,$990.000,$80.000,$3.200.000,$0,$0,$150.000, 10, 0,5.748
29/11/2022,$1.200.000,$1.100.000,$100.000,$0,$2.425.350,$1.620.000,$0,$2.425.350,$100.000,$-1.325.350,$0,$0,$800.000,$300.000,$0,$0,$0, 4, 0,5.748
28/11/2022,$725.000,$725.000,$0,$0,$0,$575.000,$0,$0,$0,$725.000,$40.000,$80.000,$605.000,$0,$0,$0,$0, 5, 0,5.748
27/11/2022,$0,$0,$0,$0,$0,$0,$0,$0,$0,$0,$0,$0,$0,$0,$0,$0,$0, 0, 0,5.748
26/11/2022,$3.175.000,$2.175.000,$0,$1.000.000,$0,$3.575.000,$0,$0,$1.000.000,$2.175.000,$1.000.000,$175.000,$0,$2.000.000,$0,$0,$0, 3, 0,5.748
25/11/2022,$1.460.000,$1.460.000,$0,$0,$4.212.150,$660.000,$0,$4.212.150,$0,$-2.752.150,$0,$60.000,$30.000,$0,$0,$0,$0, 5, 0,5.748
24/11/2022,$647.000,$647.000,$0,$0,$0,$70.000,$0,$0,$0,$647.000,$22.000,$0,$25.000,$0,$0,$0,$0, 3, 0,5.748
23/11/2022,$170.000,$70.000,$0,$100.000,$0,$65.000,$0,$0,$100.000,$70.000,$30.000,$0,$100.000,$0,$0,$40.000,$0, 3, 0,5.748
22/11/2022,$2.165.000,$0,$1.990.000,$175.000,$0,$1.385.000,$0,$0,$2.165.000,$0,$1.990.000,$0,$175.000,$0,$0,$0,$0, 2, 0,5.748
21/11/2022,$7.650.000,$4.200.000,$2.450.000,$1.000.000,$822.053,$5.290.000,$0,$822.053,$3.450.000,$3.377.947,$3.450.000,$0,$2.000.000,$800.000,$0,$0,$0, 6, 0,5.748
20/11/2022,$0,$0,$0,$0,$0,$0,$0,$0,$0,$0,$0,$0,$0,$0,$0,$0,$0, 0, 0,5.748
19/11/2022,$1.676.000,$546.000,$0,$1.130.000,$0,$2.214.000,$0,$0,$1.130.000,$546.000,$60.000,$226.000,$260.000,$0,$0,$0,$0, 8, 0,5.748
18/11/2022,$1.500.000,$210.000,$1.290.000,$0,$0,$110.000,$0,$0,$1.290.000,$210.000,$0,$990.000,$160.000,$0,$0,$0,$0, 4, 0,5.748
17/11/2022,$0,$0,$0,$0,$0,$0,$0,$0,$0,$0,$0,$0,$0,$0,$0,$0,$0, 0, 0,5.748
16/11/2022,$320.000,$145.000,$175.000,$0,$1.061.947,$395.000,$1.061.947,$0,$-886.947,$145.000,$0,$115.000,$175.000,$0,$0,$0,$0, 3, 0,5.748
15/11/2022,$0,$0,$0,$0,$4.054.050,$0,$0,$4.054.050,$0,$-4.054.050,$0,$0,$0,$0,$0,$0,$0, 0, 0,5.748
14/11/2022,$0,$0,$0,$0,$0,$0,$0,$0,$0,$0,$0,$0,$0,$0,$0,$0,$0, 0, 0,5.748
13/11/2022,$0,$0,$0,$0,$0,$0,$0,$0,$0,$0,$0,$0,$0,$0,$0,$0,$0, 0, 0,5.748
12/11/2022,$2.124.000,$1.980.000,$144.000,$0,$0,$2.866.000,$0,$0,$144.000,$1.980.000,$1.435.000,$0,$0,$644.000,$45.000,$0,$0, 5, 0,5.748
11/11/2022,$1.965.000,$1.815.000,$150.000,$0,$2.021.550,$1.775.000,$0,$2.021.550,$150.000,$-206.550,$195.000,$0,$170.000,$0,$0,$0,$0, 5, 0,5.748
10/11/2022,$810.000,$110.000,$700.000,$0,$188.800,$800.000,$0,$188.800,$700.000,$-78.800,$700.000,$20.000,$90.000,$0,$0,$0,$0, 4, 0,5.748
09/11/2022,$1.625.000,$1.520.000,$0,$105.000,$5.864.010,$415.000,$2.643.700,$3.220.310,$-2.538.700,$-1.700.310,$1.525.000,$0,$0,$100.000,$0,$0,$0, 3, 0,5.748
08/11/2022,$4.000.000,$1.900.000,$2.100.000,$0,$0,$2.520.000,$0,$0,$2.100.000,$1.900.000,$0,$2.000.000,$2.000.000,$0,$0,$0,$0, 3, 0,5.748
07/11/2022,$0,$0,$0,$0,$0,$0,$0,$0,$0,$0,$0,$0,$0,$0,$0,$0,$0, 0, 0,5.748
06/11/2022,$0,$0,$0,$0,$0,$0,$0,$0,$0,$0,$0,$0,$0,$0,$0,$0,$0, 0, 0,5.748
05/11/2022,$691.000,$691.000,$0,$0,$2.049.280,$2.899.000,$2.049.280,$0,$-2.049.280,$691.000,$0,$0,$0,$6.000,$0,$0,$10.000, 4, 0,5.748
04/11/2022,$605.000,$605.000,$0,$0,$492.900,$4.085.000,$0,$492.900,$0,$112.100,$10.000,$0,$420.000,$0,$0,$0,$0, 4, 0,5.748
03/11/2022,$2.887.000,$897.000,$0,$1.990.000,$1.620.000,$1.478.000,$0,$1.620.000,$1.990.000,$-723.000,$0,$2.025.000,$20.000,$0,$0,$0,$0, 5, 0,5.748
02/11/2022,$4.552.000,$4.472.000,$80.000,$0,$3.167.000,$5.668.000,$0,$3.167.000,$80.000,$1.305.000,$1.100.000,$1.990.000,$80.000,$1.000.000,$0,$0,$0, 5, 0,5.748
01/11/2022,$500.000,$0,$500.000,$0,$300.900,$100.000,$0,$300.900,$500.000,$-300.900,$0,$0,$0,$0,$0,$0,$0, 2, 0,5.748
31/10/2022,$770.000,$0,$230.000,$540.000,$130.300,$680.000,$0,$130.300,$770.000,$-130.300,$0,$0,$230.000,$0,$0,$0,$0, 2, 0,183
30/10/2022,$0,$0,$0,$0,$0,$0,$0,$0,$0,$0,$0,$0,$0,$0,$0,$0,$0, 0, 0,183
29/10/2022,$0,$0,$0,$0,$2.785.092,$0,$0,$2.785.092,$0,$-2.785.092,$0,$0,$0,$0,$0,$0,$0, 0, 0,183
28/10/2022,$40.000,$40.000,$0,$0,$0,$0,$0,$0,$0,$40.000,$40.000,$0,$0,$0,$0,$0,$0, 1, 0,183
27/10/2022,$2.040.000,$1.040.000,$1.000.000,$0,$3.000.000,$200.000,$1.500.000,$1.500.000,$-500.000,$-460.000,$0,$0,$1.000.000,$0,$40.000,$0,$0, 3, 0,183
26/10/2022,$2.215.000,$109.000,$0,$2.106.000,$0,$1.790.000,$0,$0,$2.106.000,$109.000,$1.109.000,$790.000,$0,$0,$0,$0,$0, 6, 0,183
25/10/2022,$3.564.000,$3.564.000,$0,$0,$147.150,$3.046.000,$0,$147.150,$0,$3.416.850,$3.014.000,$0,$550.000,$0,$0,$0,$0, 2, 0,183
24/10/2022,$1.990.000,$0,$1.990.000,$0,$1.184.397,$210.000,$780.597,$403.800,$1.209.403,$-403.800,$0,$990.000,$0,$0,$0,$0,$0, 2, 0,183
23/10/2022,$0,$0,$0,$0,$0,$0,$0,$0,$0,$0,$0,$0,$0,$0,$0,$0,$0, 0, 0,183
22/10/2022,$1.750.000,$1.300.000,$450.000,$0,$550.000,$2.700.000,$0,$550.000,$450.000,$750.000,$820.000,$500.000,$0,$80.000,$0,$0,$350.000, 5, 0,183
21/10/2022,$854.000,$254.000,$0,$600.000,$99.450,$676.000,$0,$99.450,$600.000,$154.550,$0,$0,$80.000,$174.000,$0,$0,$0, 3, 0,183
20/10/2022,$1.900.000,$735.000,$25.000,$1.140.000,$1.090.000,$2.160.000,$0,$1.090.000,$1.165.000,$-355.000,$0,$1.340.000,$560.000,$0,$0,$0,$0, 6, 0,183
19/10/2022,$150.000,$0,$150.000,$0,$152.942,$150.000,$83.092,$69.850,$66.908,$-69.850,$0,$0,$0,$0,$150.000,$0,$0, 1, 0,183
18/10/2022,$2.904.000,$404.000,$2.500.000,$0,$136.400,$1.601.000,$0,$136.400,$2.500.000,$267.600,$400.000,$4.000,$0,$1.800.000,$0,$0,$0, 5, 0,183
17/10/2022,$0,$0,$0,$0,$0,$0,$0,$0,$0,$0,$0,$0,$0,$0,$0,$0,$0, 0, 0,183
16/10/2022,$0,$0,$0,$0,$0,$0,$0,$0,$0,$0,$0,$0,$0,$0,$0,$0,$0, 0, 0,183
15/10/2022,$3.753.000,$253.000,$1.200.000,$2.300.000,$2.236.800,$602.000,$0,$2.236.800,$3.500.000,$-1.983.800,$0,$2.508.000,$0,$0,$45.000,$0,$0, 4, 0,183
14/10/2022,$45.000,$25.000,$20.000,$0,$220.000,$0,$0,$220.000,$20.000,$-195.000,$0,$0,$45.000,$0,$0,$0,$0, 2, 0,183
13/10/2022,$25.000,$25.000,$0,$0,$250.000,$0,$0,$250.000,$0,$-225.000,$0,$0,$0,$0,$0,$25.000,$0, 1, 0,183
12/10/2022,$1.290.000,$300.000,$990.000,$0,$2.388.093,$3.010.000,$0,$2.388.093,$990.000,$-2.088.093,$0,$300.000,$0,$990.000,$0,$0,$0, 2, 0,183
11/10/2022,$0,$0,$0,$0,$1.221.150,$0,$0,$1.221.150,$0,$-1.221.150,$0,$0,$0,$0,$0,$0,$0, 0, 0,183
10/10/2022,$3.914.000,$3.874.000,$40.000,$0,$14.370.150,$3.026.000,$6.061.100,$8.309.050,$-6.021.100,$-4.435.050,$2.424.000,$340.000,$150.000,$0,$0,$0,$0, 5, 0,183
09/10/2022,$0,$0,$0,$0,$0,$0,$0,$0,$0,$0,$0,$0,$0,$0,$0,$0,$0, 0, 0,183
08/10/2022,$0,$0,$0,$0,$0,$0,$0,$0,$0,$0,$0,$0,$0,$0,$0,$0,$0, 0, 0,183
07/10/2022,$0,$0,$0,$0,$0,$0,$0,$0,$0,$0,$0,$0,$0,$0,$0,$0,$0, 0, 0,183
06/10/2022,$0,$0,$0,$0,$0,$0,$0,$0,$0,$0,$0,$0,$0,$0,$0,$0,$0, 0, 0,183
05/10/2022,$0,$0,$0,$0,$0,$0,$0,$0,$0,$0,$0,$0,$0,$0,$0,$0,$0, 0, 0,183
04/10/2022,$0,$0,$0,$0,$0,$0,$0,$0,$0,$0,$0,$0,$0,$0,$0,$0,$0, 0, 0,183
03/10/2022,$1.725.000,$1.725.000,$0,$0,$0,$3.395.000,$0,$0,$0,$1.725.000,$1.340.000,$150.000,$0,$175.000,$0,$0,$0, 6, 0,183
02/10/2022,$0,$0,$0,$0,$0,$0,$0,$0,$0,$0,$0,$0,$0,$0,$0,$0,$0, 0, 0,183
01/10/2022,$1.546.000,$0,$0,$1.546.000,$0,$4.904.000,$0,$0,$1.546.000,$0,$596.000,$50.000,$900.000,$0,$0,$0,$0, 3, 0,183
30/09/2022,$2.100.000,$1.300.000,$600.000,$200.000,$4.162.200,$8.310.000,$0,$4.162.200,$800.000,$-2.862.200,$1.200.000,$100.000,$0,$200.000,$0,$0,$0, 5, 0,205
29/09/2022,$1.466.000,$96.000,$990.000,$380.000,$0,$1.564.000,$0,$0,$1.370.000,$96.000,$380.000,$55.000,$0,$0,$0,$0,$41.000, 5, 0,205
28/09/2022,$2.257.000,$2.042.000,$175.000,$40.000,$0,$4.663.000,$0,$0,$215.000,$2.042.000,$1.942.000,$0,$140.000,$0,$0,$0,$0, 6, 0,205
27/09/2022,$1.880.000,$1.880.000,$0,$0,$0,$2.420.000,$0,$0,$0,$1.880.000,$200.000,$1.600.000,$0,$0,$80.000,$0,$0, 3, 0,205
26/09/2022,$6.180.000,$5.180.000,$0,$1.000.000,$1.747.320,$2.900.000,$0,$1.747.320,$1.000.000,$3.432.680,$4.280.000,$1.900.000,$0,$0,$0,$0,$0, 4, 0,205
25/09/2022,$0,$0,$0,$0,$0,$0,$0,$0,$0,$0,$0,$0,$0,$0,$0,$0,$0, 0, 0,205
24/09/2022,$180.000,$0,$0,$180.000,$7.271.900,$0,$0,$7.271.900,$180.000,$-7.271.900,$0,$0,$0,$0,$0,$0,$0, 1, 0,205
23/09/2022,$58.000,$5.000,$0,$53.000,$0,$7.000,$0,$0,$53.000,$5.000,$0,$0,$0,$0,$0,$0,$53.000, 2, 0,205
22/09/2022,$80.000,$80.000,$0,$0,$40.000,$20.000,$0,$40.000,$0,$40.000,$0,$60.000,$0,$20.000,$0,$0,$0, 2, 0,205
21/09/2022,$230.000,$230.000,$0,$0,$0,$200.000,$0,$0,$0,$230.000,$55.000,$175.000,$0,$0,$0,$0,$0, 2, 0,205
20/09/2022,$0,$0,$0,$0,$2.592.892,$0,$1.125.492,$1.467.400,$-1.125.492,$-1.467.400,$0,$0,$0,$0,$0,$0,$0, 0, 0,205
19/09/2022,$6.255.000,$5.030.000,$0,$1.225.000,$3.124.200,$4.825.000,$0,$3.124.200,$1.225.000,$1.905.800,$3.505.000,$0,$20.000,$1.900.000,$0,$0,$0, 9, 0,205
18/09/2022,$0,$0,$0,$0,$0,$0,$0,$0,$0,$0,$0,$0,$0,$0,$0,$0,$0, 0, 0,205
17/09/2022,$1.470.000,$1.410.000,$60.000,$0,$1.129.900,$800.000,$0,$1.129.900,$60.000,$280.100,$0,$0,$225.000,$0,$45.000,$0,$0, 5, 0,205
16/09/2022,$1.500.000,$0,$0,$1.500.000,$7.807.090,$2.800.000,$7.005.390,$801.700,$-5.505.390,$-801.700,$500.000,$0,$0,$0,$0,$0,$0, 2, 0,205
15/09/2022,$2.100.000,$2.100.000,$0,$0,$5.819.800,$1.100.000,$0,$5.819.800,$0,$-3.719.800,$0,$0,$0,$0,$0,$0,$0, 1, 0,205
14/09/2022,$120.000,$120.000,$0,$0,$0,$40.000,$0,$0,$0,$120.000,$0,$0,$0,$0,$0,$0,$0, 2, 0,205
13/09/2022,$5.100.000,$3.110.000,$1.990.000,$0,$0,$5.380.000,$0,$0,$1.990.000,$3.110.000,$3.500.000,$0,$0,$0,$0,$0,$0, 4, 0,205
12/09/2022,$4.995.000,$4.005.000,$0,$990.000,$0,$1.655.000,$0,$0,$990.000,$4.005.000,$0,$2.890.000,$0,$65.000,$0,$0,$0, 5, 0,205
11/09/2022,$0,$0,$0,$0,$0,$0,$0,$0,$0,$0,$0,$0,$0,$0,$0,$0,$0, 0, 0,205
10/09/2022,$2.685.000,$2.450.000,$235.000,$0,$0,$1.295.000,$0,$0,$235.000,$2.450.000,$2.450.000,$0,$0,$0,$235.000,$0,$0, 2, 0,205
09/09/2022,$65.000,$65.000,$0,$0,$0,$35.000,$0,$0,$0,$65.000,$0,$0,$0,$0,$0,$0,$0, 1, 0,205
08/09/2022,$745.000,$745.000,$0,$0,$0,$205.000,$0,$0,$0,$745.000,$0,$175.000,$0,$0,$0,$0,$0, 2, 0,205
07/09/2022,$2.998.000,$24.000,$2.954.000,$20.000,$0,$1.037.000,$0,$0,$2.974.000,$24.000,$2.914.000,$0,$40.000,$0,$0,$0,$20.000, 4, 0,205
06/09/2022,$3.040.000,$1.540.000,$1.500.000,$0,$345.800,$3.400.000,$0,$345.800,$1.500.000,$1.194.200,$3.000.000,$0,$0,$0,$0,$40.000,$0, 3, 0,205
05/09/2022,$1.835.000,$1.685.000,$150.000,$0,$0,$1.620.000,$0,$0,$150.000,$1.685.000,$200.000,$0,$45.000,$0,$0,$0,$0, 5, 0,205
04/09/2022,$0,$0,$0,$0,$0,$0,$0,$0,$0,$0,$0,$0,$0,$0,$0,$0,$0, 0, 0,205
03/09/2022,$458.000,$58.000,$400.000,$0,$0,$326.000,$0,$0,$400.000,$58.000,$344.000,$14.000,$100.000,$0,$0,$0,$0, 4, 0,205
02/09/2022,$150.000,$0,$0,$150.000,$0,$3.050.000,$0,$0,$150.000,$0,$0,$0,$0,$0,$0,$0,$0, 1, 0,205
01/09/2022,$75.000,$75.000,$0,$0,$0,$25.000,$0,$0,$0,$75.000,$15.000,$0,$60.000,$0,$0,$0,$0, 2, 0,205
31/08/2022,$8.704.000,$20.000,$2.130.000,$6.554.000,$2.981.700,$8.936.000,$0,$2.981.700,$8.684.000,$-2.961.700,$2.390.000,$20.000,$3.914.000,$0,$0,$0,$0, 6, 0,207
30/08/2022,$10.896.000,$5.482.000,$4.914.000,$500.000,$147.100,$7.304.000,$0,$147.100,$5.414.000,$5.334.900,$2.378.000,$8.018.000,$0,$0,$0,$0,$0, 8, 0,207
29/08/2022,$690.000,$500.000,$170.000,$20.000,$9.680.172,$310.000,$8.251.872,$1.428.300,$-8.061.872,$-928.300,$20.000,$0,$0,$0,$0,$0,$0, 3, 0,207
28/08/2022,$0,$0,$0,$0,$0,$0,$0,$0,$0,$0,$0,$0,$0,$0,$0,$0,$0, 0, 0,207
27/08/2022,$520.000,$20.000,$500.000,$0,$9.764.040,$350.000,$6.251.550,$3.512.490,$-5.751.550,$-3.492.490,$0,$175.000,$20.000,$0,$0,$20.000,$0, 4, 0,207
26/08/2022,$440.000,$400.000,$0,$40.000,$0,$275.000,$0,$0,$40.000,$400.000,$40.000,$400.000,$0,$0,$0,$0,$0, 2, 0,207
25/08/2022,$0,$0,$0,$0,$10.000,$0,$0,$10.000,$0,$-10.000,$0,$0,$0,$0,$0,$0,$0, 0, 0,207
24/08/2022,$0,$0,$0,$0,$0,$0,$0,$0,$0,$0,$0,$0,$0,$0,$0,$0,$0, 0, 0,207
23/08/2022,$4.590.000,$2.330.000,$130.000,$2.130.000,$0,$650.000,$0,$0,$2.260.000,$2.330.000,$990.000,$0,$130.000,$0,$990.000,$0,$0, 5, 0,207
22/08/2022,$1.010.000,$20.000,$990.000,$0,$0,$110.000,$0,$0,$990.000,$20.000,$990.000,$20.000,$0,$0,$0,$0,$0, 2, 0,207
21/08/2022,$0,$0,$0,$0,$0,$0,$0,$0,$0,$0,$0,$0,$0,$0,$0,$0,$0, 0, 0,207
20/08/2022,$1.935.000,$830.000,$115.000,$990.000,$0,$1.340.000,$0,$0,$1.105.000,$830.000,$195.000,$1.270.000,$0,$70.000,$0,$0,$0, 6, 0,207
19/08/2022,$190.000,$170.000,$20.000,$0,$0,$10.000,$0,$0,$20.000,$170.000,$150.000,$20.000,$0,$0,$0,$20.000,$0, 3, 0,207
18/08/2022,$2.489.000,$175.000,$1.914.000,$400.000,$0,$4.261.000,$0,$0,$2.314.000,$175.000,$0,$0,$175.000,$0,$0,$0,$0, 3, 0,207
17/08/2022,$2.290.000,$5.000,$775.000,$1.510.000,$0,$1.760.000,$0,$0,$2.285.000,$5.000,$2.240.000,$0,$50.000,$0,$0,$0,$0, 5, 0,207
16/08/2022,$2.020.000,$20.000,$0,$2.000.000,$0,$310.000,$0,$0,$2.000.000,$20.000,$0,$0,$20.000,$0,$0,$0,$0, 2, 0,207
15/08/2022,$0,$0,$0,$0,$0,$0,$0,$0,$0,$0,$0,$0,$0,$0,$0,$0,$0, 0, 0,207
14/08/2022,$0,$0,$0,$0,$0,$0,$0,$0,$0,$0,$0,$0,$0,$0,$0,$0,$0, 0, 0,207
13/08/2022,$295.000,$175.000,$120.000,$0,$0,$215.000,$0,$0,$120.000,$175.000,$0,$0,$295.000,$0,$0,$0,$0, 2, 0,207
12/08/2022,$120.000,$120.000,$0,$0,$14.528.400,$0,$4.081.000,$10.447.400,$-4.081.000,$-10.327.400,$0,$0,$0,$0,$0,$120.000,$0, 1, 0,207
11/08/2022,$60.000,$60.000,$0,$0,$269.800,$0,$0,$269.800,$0,$-209.800,$0,$0,$40.000,$0,$0,$20.000,$0, 2, 0,207
10/08/2022,$1.255.000,$1.100.000,$155.000,$0,$0,$0,$0,$0,$155.000,$1.100.000,$155.000,$0,$0,$1.100.000,$0,$0,$0, 2, 0,207
09/08/2022,$1.165.000,$1.165.000,$0,$0,$0,$285.000,$0,$0,$0,$1.165.000,$0,$990.000,$175.000,$0,$0,$0,$0, 2, 0,207
08/08/2022,$2.980.000,$0,$2.980.000,$0,$0,$1.320.000,$0,$0,$2.980.000,$0,$2.980.000,$0,$0,$0,$0,$0,$0, 2, 0,207
07/08/2022,$0,$0,$0,$0,$0,$0,$0,$0,$0,$0,$0,$0,$0,$0,$0,$0,$0, 0, 0,207
06/08/2022,$172.000,$152.000,$0,$20.000,$0,$48.000,$0,$0,$20.000,$152.000,$20.000,$80.000,$20.000,$0,$0,$52.000,$0, 4, 0,207
05/08/2022,$20.000,$20.000,$0,$0,$0,$0,$0,$0,$0,$20.000,$0,$0,$20.000,$0,$0,$0,$0, 1, 0,207
04/08/2022,$120.000,$120.000,$0,$0,$2.449.280,$20.000,$2.049.280,$400.000,$-2.049.280,$-280.000,$100.000,$0,$20.000,$0,$0,$0,$0, 2, 0,207
03/08/2022,$650.000,$650.000,$0,$0,$137.200,$20.000,$0,$137.200,$0,$512.800,$0,$0,$0,$650.000,$0,$0,$0, 1, 0,207
02/08/2022,$3.135.000,$2.960.000,$0,$175.000,$130.640,$2.355.000,$0,$130.640,$175.000,$2.829.360,$0,$0,$20.000,$2.920.000,$175.000,$20.000,$0, 5, 0,207
01/08/2022,$2.605.000,$1.915.000,$690.000,$0,$0,$5.010.000,$0,$0,$690.000,$1.915.000,$1.540.000,$45.000,$0,$0,$1.000.000,$0,$0, 5, 0,207
31/07/2022,$0,$0,$0,$0,$0,$0,$0,$0,$0,$0,$0,$0,$0,$0,$0,$0,$0, 0, 0,179
30/07/2022,$6.905.000,$1.435.000,$1.990.000,$3.480.000,$0,$4.580.000,$0,$0,$5.470.000,$1.435.000,$5.490.000,$990.000,$25.000,$400.000,$0,$0,$0, 7, 0,179
29/07/2022,$3.580.000,$2.380.000,$0,$1.200.000,$3.941.650,$1.985.000,$2.000.000,$1.941.650,$-800.000,$438.350,$1.630.000,$200.000,$175.000,$1.400.000,$0,$175.000,$0, 9, 0,179
28/07/2022,$10.984.000,$3.060.000,$1.030.000,$6.894.000,$0,$4.876.000,$0,$0,$7.924.000,$3.060.000,$8.884.000,$2.045.000,$0,$0,$0,$55.000,$0, 7, 0,179
27/07/2022,$1.050.000,$40.000,$990.000,$20.000,$0,$110.000,$0,$0,$1.010.000,$40.000,$990.000,$60.000,$0,$0,$0,$0,$0, 2, 0,179
26/07/2022,$2.805.000,$700.000,$2.105.000,$0,$0,$5.720.000,$0,$0,$2.105.000,$700.000,$500.000,$200.000,$65.000,$0,$0,$40.000,$0, 5, 0,179
25/07/2022,$5.000,$5.000,$0,$0,$0,$0,$0,$0,$0,$5.000,$0,$0,$5.000,$0,$0,$0,$0, 1, 0,179
24/07/2022,$0,$0,$0,$0,$0,$0,$0,$0,$0,$0,$0,$0,$0,$0,$0,$0,$0, 0, 0,179
23/07/2022,$380.000,$75.000,$305.000,$0,$0,$185.000,$0,$0,$305.000,$75.000,$0,$185.000,$0,$130.000,$65.000,$0,$0, 4, 0,179
22/07/2022,$10.000,$10.000,$0,$0,$0,$10.000,$0,$0,$0,$10.000,$10.000,$0,$0,$0,$0,$0,$0, 1, 0,179
21/07/2022,$100.000,$80.000,$20.000,$0,$0,$0,$0,$0,$20.000,$80.000,$80.000,$0,$0,$0,$0,$20.000,$0, 2, 0,179
20/07/2022,$0,$0,$0,$0,$0,$0,$0,$0,$0,$0,$0,$0,$0,$0,$0,$0,$0, 0, 0,179
19/07/2022,$990.000,$990.000,$0,$0,$0,$110.000,$0,$0,$0,$990.000,$0,$990.000,$0,$0,$0,$0,$0, 1, 0,179
18/07/2022,$790.000,$0,$790.000,$0,$10.671.266,$310.000,$5.644.443,$5.026.823,$-4.854.443,$-5.026.823,$0,$790.000,$0,$0,$0,$0,$0, 1, 0,179
17/07/2022,$0,$0,$0,$0,$0,$0,$0,$0,$0,$0,$0,$0,$0,$0,$0,$0,$0, 0, 0,179
16/07/2022,$2.095.000,$25.000,$80.000,$1.990.000,$0,$900.000,$0,$0,$2.070.000,$25.000,$1.990.000,$0,$105.000,$0,$0,$0,$0, 3, 0,179
15/07/2022,$1.045.000,$1.045.000,$0,$0,$0,$1.605.000,$0,$0,$0,$1.045.000,$0,$990.000,$55.000,$0,$0,$0,$0, 2, 0,179
14/07/2022,$25.000,$25.000,$0,$0,$0,$0,$0,$0,$0,$25.000,$25.000,$0,$0,$0,$0,$0,$0, 1, 0,179
13/07/2022,$175.000,$175.000,$0,$0,$0,$175.000,$0,$0,$0,$175.000,$175.000,$0,$0,$0,$0,$0,$0, 1, 0,179
12/07/2022,$330.000,$330.000,$0,$0,$0,$185.000,$0,$0,$0,$330.000,$0,$0,$330.000,$0,$0,$0,$0, 2, 0,179
11/07/2022,$4.280.000,$3.980.000,$300.000,$0,$0,$3.760.000,$0,$0,$300.000,$3.980.000,$3.280.000,$1.000.000,$0,$0,$0,$0,$0, 4, 0,179
10/07/2022,$0,$0,$0,$0,$0,$0,$0,$0,$0,$0,$0,$0,$0,$0,$0,$0,$0, 0, 0,179
09/07/2022,$265.000,$195.000,$70.000,$0,$4.579.720,$20.000,$4.529.720,$50.000,$-4.459.720,$145.000,$0,$175.000,$0,$0,$0,$0,$0, 4, 0,179
08/07/2022,$2.340.000,$150.000,$0,$2.190.000,$0,$2.260.000,$0,$0,$2.190.000,$150.000,$0,$0,$0,$2.190.000,$150.000,$0,$0, 2, 0,179
07/07/2022,$0,$0,$0,$0,$10.660.880,$0,$6.049.280,$4.611.600,$-6.049.280,$-4.611.600,$0,$0,$0,$0,$0,$0,$0, 0, 0,179
06/07/2022,$48.000,$48.000,$0,$0,$0,$7.000,$0,$0,$0,$48.000,$20.000,$0,$0,$28.000,$0,$0,$0, 2, 0,179
05/07/2022,$100.000,$100.000,$0,$0,$0,$700.000,$0,$0,$0,$100.000,$100.000,$0,$0,$0,$0,$0,$0, 1, 0,179
04/07/2022,$0,$0,$0,$0,$0,$0,$0,$0,$0,$0,$0,$0,$0,$0,$0,$0,$0, 0, 0,179
03/07/2022,$0,$0,$0,$0,$0,$0,$0,$0,$0,$0,$0,$0,$0,$0,$0,$0,$0, 0, 0,179
02/07/2022,$393.000,$305.000,$44.000,$44.000,$0,$197.000,$0,$0,$88.000,$305.000,$219.000,$0,$130.000,$0,$0,$0,$44.000, 4, 0,179
01/07/2022,$2.610.000,$2.610.000,$0,$0,$0,$620.000,$0,$0,$0,$2.610.000,$500.000,$1.990.000,$0,$0,$0,$0,$0, 3, 0,179
30/06/2022,$4.200.000,$220.000,$3.980.000,$0,$58.000,$2.430.000,$0,$58.000,$3.980.000,$162.000,$200.000,$0,$20.000,$1.990.000,$0,$0,$0, 4, 0,196
29/06/2022,$4.005.000,$2.015.000,$1.990.000,$0,$2.884.677,$1.685.000,$2.701.327,$183.350,$-711.327,$1.831.650,$175.000,$2.030.000,$100.000,$0,$0,$0,$0, 7, 0,196
28/06/2022,$4.364.000,$450.000,$3.914.000,$0,$30.300,$3.826.000,$0,$30.300,$3.914.000,$419.700,$4.364.000,$0,$0,$0,$0,$0,$0, 4, 0,196
27/06/2022,$0,$0,$0,$0,$0,$0,$0,$0,$0,$0,$0,$0,$0,$0,$0,$0,$0, 0, 0,196
26/06/2022,$0,$0,$0,$0,$0,$0,$0,$0,$0,$0,$0,$0,$0,$0,$0,$0,$0, 0, 0,196
25/06/2022,$4.185.000,$55.000,$4.130.000,$0,$659.793,$3.075.000,$0,$659.793,$4.130.000,$-604.793,$2.145.000,$2.040.000,$0,$0,$0,$0,$0, 5, 0,196
24/06/2022,$350.000,$0,$330.000,$20.000,$2.305.122,$10.000,$2.053.782,$251.340,$-1.703.782,$-251.340,$260.000,$0,$90.000,$0,$0,$0,$0, 3, 0,196
23/06/2022,$0,$0,$0,$0,$0,$0,$0,$0,$0,$0,$0,$0,$0,$0,$0,$0,$0, 0, 0,196
22/06/2022,$80.000,$0,$80.000,$0,$420.250,$0,$0,$420.250,$80.000,$-420.250,$0,$0,$80.000,$0,$0,$0,$0, 1, 0,196
21/06/2022,$4.130.000,$655.000,$0,$3.475.000,$685.000,$1.505.000,$0,$685.000,$3.475.000,$-30.000,$3.035.000,$1.090.000,$5.000,$0,$0,$0,$0, 5, 0,196
20/06/2022,$0,$0,$0,$0,$0,$0,$0,$0,$0,$0,$0,$0,$0,$0,$0,$0,$0, 0, 0,196
19/06/2022,$0,$0,$0,$0,$0,$0,$0,$0,$0,$0,$0,$0,$0,$0,$0,$0,$0, 0, 0,196
18/06/2022,$512.000,$430.000,$0,$82.000,$2.595.000,$408.000,$1.200.000,$1.395.000,$-1.118.000,$-965.000,$42.000,$255.000,$0,$0,$40.000,$175.000,$0, 5, 0,196
17/06/2022,$2.528.000,$368.000,$170.000,$1.990.000,$0,$1.832.000,$0,$0,$2.160.000,$368.000,$357.000,$11.000,$20.000,$0,$0,$0,$0, 6, 0,196
16/06/2022,$3.125.000,$2.205.000,$920.000,$0,$0,$1.165.000,$0,$0,$920.000,$2.205.000,$2.095.000,$990.000,$40.000,$0,$0,$0,$0, 5, 0,196
15/06/2022,$356.000,$356.000,$0,$0,$1.623.884,$454.000,$0,$1.623.884,$0,$-1.267.884,$356.000,$0,$0,$0,$0,$0,$0, 2, 0,196
14/06/2022,$1.881.000,$0,$1.841.000,$40.000,$0,$1.359.000,$0,$0,$1.881.000,$0,$0,$1.841.000,$0,$40.000,$0,$0,$0, 2, 0,196
13/06/2022,$2.286.000,$296.000,$0,$1.990.000,$0,$2.094.000,$0,$0,$1.990.000,$296.000,$100.000,$11.000,$175.000,$0,$10.000,$0,$0, 5, 0,196
12/06/2022,$0,$0,$0,$0,$0,$0,$0,$0,$0,$0,$0,$0,$0,$0,$0,$0,$0, 0, 0,196
11/06/2022,$1.226.000,$111.000,$0,$1.115.000,$0,$189.000,$0,$0,$1.115.000,$111.000,$0,$965.000,$20.000,$155.000,$0,$0,$0, 5, 0,196
10/06/2022,$1.270.000,$1.030.000,$0,$240.000,$0,$1.360.000,$0,$0,$240.000,$1.030.000,$1.000.000,$250.000,$20.000,$0,$0,$0,$0, 4, 0,196
09/06/2022,$66.000,$66.000,$0,$0,$2.801.067,$9.000,$2.246.482,$554.585,$-2.246.482,$-488.585,$26.000,$0,$20.000,$0,$0,$20.000,$0, 3, 0,196
08/06/2022,$611.000,$436.000,$175.000,$0,$0,$384.000,$0,$0,$175.000,$436.000,$25.000,$411.000,$175.000,$0,$0,$0,$0, 4, 0,196
07/06/2022,$1.018.000,$28.000,$990.000,$0,$250.000,$117.000,$0,$250.000,$990.000,$-222.000,$0,$1.018.000,$0,$0,$0,$0,$0, 2, 0,196
06/06/2022,$2.185.000,$195.000,$0,$1.990.000,$3.762.480,$1.385.000,$2.049.280,$1.713.200,$-59.280,$-1.518.200,$0,$1.990.000,$20.000,$0,$175.000,$0,$0, 3, 0,196
05/06/2022,$0,$0,$0,$0,$0,$0,$0,$0,$0,$0,$0,$0,$0,$0,$0,$0,$0, 0, 0,196
04/06/2022,$2.321.000,$1.335.000,$975.000,$11.000,$0,$1.009.000,$0,$0,$986.000,$1.335.000,$975.000,$75.000,$20.000,$0,$11.000,$0,$40.000, 6, 0,196
03/06/2022,$450.000,$275.000,$175.000,$0,$154.000,$1.000.000,$0,$154.000,$175.000,$121.000,$275.000,$175.000,$0,$0,$0,$0,$0, 3, 0,196
02/06/2022,$520.000,$520.000,$0,$0,$4.167.300,$1.500.000,$4.167.300,$0,$-4.167.300,$520.000,$0,$0,$20.000,$0,$0,$0,$0, 2, 0,196
01/06/2022,$1.275.000,$1.275.000,$0,$0,$0,$525.000,$0,$0,$0,$1.275.000,$1.100.000,$0,$0,$0,$175.000,$0,$0, 2, 0,196
31/05/2022,$2.080.000,$0,$990.000,$1.090.000,$3.143.200,$2.220.000,$3.040.000,$103.200,$-960.000,$-103.200,$1.090.000,$990.000,$0,$0,$0,$0,$0, 2, 0,191
30/05/2022,$0,$0,$0,$0,$0,$0,$0,$0,$0,$0,$0,$0,$0,$0,$0,$0,$0, 0, 0,191
29/05/2022,$0,$0,$0,$0,$0,$0,$0,$0,$0,$0,$0,$0,$0,$0,$0,$0,$0, 0, 0,191
28/05/2022,$4.225.000,$60.000,$175.000,$3.990.000,$1.747.000,$3.705.000,$0,$1.747.000,$4.165.000,$-1.687.000,$900.000,$2.219.000,$0,$0,$0,$6.000,$0, 6, 0,191
27/05/2022,$0,$0,$0,$0,$492.100,$0,$0,$492.100,$0,$-492.100,$0,$0,$0,$0,$0,$0,$0, 0, 0,191
26/05/2022,$1.068.000,$1.018.000,$0,$0,$0,$117.000,$0,$0,$0,$1.018.000,$990.000,$0,$55.000,$0,$0,$23.000,$0, 3, 0,191
25/05/2022,$24.000,$0,$0,$24.000,$465.958,$26.000,$412.208,$53.750,$-388.208,$-53.750,$0,$0,$0,$24.000,$0,$0,$0, 1, 0,191
24/05/2022,$1.395.000,$1.395.000,$0,$0,$1.066.900,$1.925.000,$1.000.000,$66.900,$-1.000.000,$1.328.100,$100.000,$1.295.000,$0,$0,$0,$0,$0, 2, 0,191
23/05/2022,$65.000,$65.000,$0,$0,$3.310.059,$5.000,$83.092,$3.226.967,$-83.092,$-3.161.967,$0,$0,$60.000,$5.000,$0,$0,$0, 3, 0,191
22/05/2022,$0,$0,$0,$0,$0,$0,$0,$0,$0,$0,$0,$0,$0,$0,$0,$0,$0, 0, 0,191
21/05/2022,$945.000,$770.000,$175.000,$0,$0,$2.705.000,$0,$0,$175.000,$770.000,$0,$695.000,$250.000,$0,$0,$0,$0, 3, 0,191
20/05/2022,$180.000,$10.000,$170.000,$0,$0,$0,$0,$0,$170.000,$10.000,$0,$0,$170.000,$10.000,$0,$0,$0, 2, 0,191
19/05/2022,$100.000,$100.000,$0,$0,$0,$20.000,$0,$0,$0,$100.000,$0,$0,$0,$100.000,$0,$0,$0, 1, 0,191
18/05/2022,$0,$0,$0,$0,$0,$0,$0,$0,$0,$0,$0,$0,$0,$0,$0,$0,$0, 0, 0,191
17/05/2022,$665.000,$0,$665.000,$0,$0,$355.000,$0,$0,$665.000,$0,$665.000,$0,$0,$0,$0,$0,$0, 2, 0,191
16/05/2022,$500.000,$500.000,$0,$0,$1.580.000,$360.000,$0,$1.580.000,$0,$-1.080.000,$175.000,$325.000,$0,$0,$0,$0,$0, 2, 0,191
15/05/2022,$0,$0,$0,$0,$0,$0,$0,$0,$0,$0,$0,$0,$0,$0,$0,$0,$0, 0, 0,191
14/05/2022,$2.789.700,$2.789.700,$0,$0,$2.000,$3.988.000,$0,$2.000,$0,$2.787.700,$2.772.000,$0,$0,$0,$0,$0,$17.700, 5, 0,191
13/05/2022,$398.000,$0,$0,$398.000,$98.000,$2.802.000,$0,$98.000,$398.000,$-98.000,$398.000,$0,$0,$0,$0,$0,$0, 1, 0,191
12/05/2022,$871.000,$481.000,$0,$390.000,$302.000,$1.561.000,$0,$302.000,$390.000,$179.000,$501.000,$0,$0,$0,$350.000,$0,$0, 5, 0,191
11/05/2022,$500.000,$500.000,$0,$0,$0,$102.000,$0,$0,$0,$500.000,$480.000,$0,$0,$0,$20.000,$0,$0, 3, 0,191
10/05/2022,$1.160.000,$60.000,$1.100.000,$0,$1.036.800,$50.000,$0,$1.036.800,$1.100.000,$-976.800,$0,$1.120.000,$0,$0,$0,$0,$0, 3, 0,191
09/05/2022,$506.000,$206.000,$0,$300.000,$0,$294.000,$0,$0,$300.000,$206.000,$506.000,$0,$0,$0,$0,$0,$0, 1, 0,191
08/05/2022,$0,$0,$0,$0,$0,$0,$0,$0,$0,$0,$0,$0,$0,$0,$0,$0,$0, 0, 0,191
07/05/2022,$437.000,$437.000,$0,$0,$3.902.244,$498.000,$0,$3.902.244,$0,$-3.465.244,$52.000,$0,$0,$0,$0,$0,$0, 2, 0,191
06/05/2022,$2.155.000,$165.000,$0,$1.990.000,$3.890.000,$1.210.000,$0,$3.890.000,$1.990.000,$-3.725.000,$0,$1.990.000,$145.000,$0,$20.000,$0,$0, 4, 0,191
05/05/2022,$363.000,$323.000,$40.000,$0,$855.408,$180.000,$0,$855.408,$40.000,$-532.408,$23.000,$300.000,$0,$40.000,$0,$0,$0, 4, 0,191
04/05/2022,$1.915.000,$31.000,$994.000,$890.000,$2.065.080,$444.000,$2.049.280,$15.800,$-165.280,$15.200,$0,$890.000,$0,$111.000,$890.000,$0,$24.000, 4, 0,191
03/05/2022,$246.000,$206.000,$40.000,$0,$4.491.800,$704.000,$0,$4.491.800,$40.000,$-4.285.800,$206.000,$40.000,$0,$0,$0,$0,$0, 3, 0,191
02/05/2022,$912.000,$0,$712.000,$200.000,$424.000,$728.000,$0,$424.000,$912.000,$-424.000,$200.000,$0,$0,$712.000,$0,$0,$0, 2, 0,191
01/05/2022,$0,$0,$0,$0,$0,$0,$0,$0,$0,$0,$0,$0,$0,$0,$0,$0,$0, 0, 0,191
30/04/2022,$8.246.000,$4.655.000,$3.091.000,$500.000,$1.789.000,$7.006.000,$0,$1.789.000,$3.591.000,$2.866.000,$6.355.000,$0,$0,$901.000,$0,$0,$0, 9, 0,163
29/04/2022,$2.288.800,$548.800,$1.740.000,$0,$184.150,$773.000,$0,$184.150,$1.740.000,$364.650,$63.000,$25.800,$20.000,$1.740.000,$40.000,$0,$0, 6, 0,163
28/04/2022,$2.220.000,$20.000,$2.200.000,$0,$60.000,$2.500.000,$0,$60.000,$2.200.000,$-40.000,$1.200.000,$0,$20.000,$0,$0,$0,$0, 3, 0,163
27/04/2022,$2.941.000,$450.000,$2.491.000,$0,$69.950,$1.402.000,$0,$69.950,$2.491.000,$380.050,$490.000,$2.101.000,$0,$0,$0,$0,$0, 4, 0,163
26/04/2022,$3.719.500,$2.510.000,$1.200.000,$9.500,$1.599.050,$2.540.500,$1.089.050,$510.000,$120.450,$2.000.000,$3.710.000,$9.500,$0,$0,$0,$0,$0, 5, 0,163
25/04/2022,$678.000,$0,$0,$678.000,$0,$42.000,$0,$0,$678.000,$0,$500.000,$0,$0,$178.000,$0,$0,$0, 2, 0,163
24/04/2022,$0,$0,$0,$0,$0,$0,$0,$0,$0,$0,$0,$0,$0,$0,$0,$0,$0, 0, 0,163
23/04/2022,$724.000,$724.000,$0,$0,$953.000,$652.000,$0,$953.000,$0,$-229.000,$34.000,$690.000,$0,$0,$0,$0,$0, 4, 0,163
22/04/2022,$1.179.000,$64.000,$1.115.000,$0,$2.819.250,$415.000,$0,$2.819.250,$1.115.000,$-2.755.250,$0,$914.000,$265.000,$0,$0,$0,$0, 5, 0,163
21/04/2022,$3.611.000,$2.231.000,$1.380.000,$0,$19.521,$393.000,$0,$19.521,$1.380.000,$2.211.479,$1.510.000,$2.056.000,$25.000,$0,$0,$0,$20.000, 6, 0,163
20/04/2022,$3.430.000,$3.430.000,$0,$0,$153.550,$100.000,$0,$153.550,$0,$3.276.450,$1.000.000,$2.430.000,$0,$0,$0,$0,$0, 3, 0,163
19/04/2022,$1.990.000,$1.900.000,$0,$90.000,$489.371,$0,$110.671,$378.700,$-20.671,$1.521.300,$0,$1.990.000,$0,$0,$0,$0,$0, 1, 0,163
18/04/2022,$4.285.000,$3.725.000,$560.000,$0,$0,$580.000,$0,$0,$560.000,$3.725.000,$3.000.000,$0,$60.000,$0,$1.105.000,$120.000,$0, 4, 0,163
17/04/2022,$0,$0,$0,$0,$0,$0,$0,$0,$0,$0,$0,$0,$0,$0,$0,$0,$0, 0, 0,163
16/04/2022,$0,$0,$0,$0,$0,$0,$0,$0,$0,$0,$0,$0,$0,$0,$0,$0,$0, 0, 0,163
15/04/2022,$0,$0,$0,$0,$0,$0,$0,$0,$0,$0,$0,$0,$0,$0,$0,$0,$0, 0, 0,163
14/04/2022,$0,$0,$0,$0,$0,$0,$0,$0,$0,$0,$0,$0,$0,$0,$0,$0,$0, 0, 0,163
13/04/2022,$1.670.000,$1.650.000,$0,$20.000,$2.962.900,$400.000,$1.095.000,$1.867.900,$-1.075.000,$-217.900,$1.605.000,$0,$25.000,$20.000,$20.000,$0,$0, 4, 0,163
12/04/2022,$713.000,$23.000,$0,$690.000,$0,$115.000,$0,$0,$690.000,$23.000,$0,$690.000,$0,$23.000,$0,$0,$0, 2, 0,163
11/04/2022,$5.000,$5.000,$0,$0,$0,$0,$0,$0,$0,$5.000,$0,$0,$0,$0,$0,$0,$0, 1, 0,163
10/04/2022,$0,$0,$0,$0,$0,$0,$0,$0,$0,$0,$0,$0,$0,$0,$0,$0,$0, 0, 0,163
09/04/2022,$1.330.000,$440.000,$0,$890.000,$0,$310.000,$0,$0,$890.000,$440.000,$0,$0,$0,$1.330.000,$0,$0,$0, 2, 0,163
08/04/2022,$145.900,$145.900,$0,$0,$15.901.640,$0,$4.933.000,$10.968.640,$-4.933.000,$-10.822.740,$100.000,$5.900,$40.000,$0,$0,$0,$0, 4, 0,163
07/04/2022,$0,$0,$0,$0,$0,$0,$0,$0,$0,$0,$0,$0,$0,$0,$0,$0,$0, 0, 0,163
06/04/2022,$20.000,$20.000,$0,$0,$0,$0,$0,$0,$0,$20.000,$0,$0,$20.000,$0,$0,$0,$0, 1, 0,163
05/04/2022,$71.500,$59.500,$0,$12.000,$0,$4.500,$0,$0,$12.000,$59.500,$0,$71.500,$0,$0,$0,$0,$0, 2, 0,163
04/04/2022,$440.000,$0,$440.000,$0,$0,$100.000,$0,$0,$440.000,$0,$0,$440.000,$0,$0,$0,$0,$0, 1, 0,163
03/04/2022,$0,$0,$0,$0,$0,$0,$0,$0,$0,$0,$0,$0,$0,$0,$0,$0,$0, 0, 0,163
02/04/2022,$1.255.000,$1.255.000,$0,$0,$0,$350.000,$0,$0,$0,$1.255.000,$800.000,$455.000,$0,$0,$0,$0,$0, 3, 0,163
01/04/2022,$98.000,$0,$0,$98.000,$0,$152.000,$0,$0,$98.000,$0,$0,$98.000,$0,$0,$0,$0,$0, 1, 0,163
31/03/2022,$0,$0,$0,$0,$4.586.368,$0,$842.868,$3.743.500,$-842.868,$-3.743.500,$0,$0,$0,$0,$0,$0,$0, 0, 0,212
30/03/2022,$2.160.000,$360.000,$0,$1.800.000,$0,$350.000,$0,$0,$1.800.000,$360.000,$0,$1.975.000,$0,$0,$5.000,$0,$0, 4, 0,212
29/03/2022,$1.090.000,$600.000,$490.000,$0,$0,$380.000,$0,$0,$490.000,$600.000,$600.000,$490.000,$0,$0,$0,$0,$0, 2, 0,212
28/03/2022,$2.910.000,$1.665.000,$355.000,$890.000,$0,$1.035.000,$0,$0,$1.245.000,$1.665.000,$1.540.000,$180.000,$40.000,$1.105.000,$0,$0,$45.000, 6, 0,212
27/03/2022,$0,$0,$0,$0,$0,$0,$0,$0,$0,$0,$0,$0,$0,$0,$0,$0,$0, 0, 0,212
26/03/2022,$100.000,$100.000,$0,$0,$0,$50.000,$0,$0,$0,$100.000,$100.000,$0,$0,$0,$0,$0,$0, 1, 0,212
25/03/2022,$20.000,$20.000,$0,$0,$0,$0,$0,$0,$0,$20.000,$0,$0,$20.000,$0,$0,$0,$0, 1, 0,212
24/03/2022,$2.140.000,$0,$1.990.000,$150.000,$0,$0,$0,$0,$2.140.000,$0,$0,$1.990.000,$0,$150.000,$0,$0,$0, 2, 0,212
23/03/2022,$1.990.000,$990.000,$0,$1.000.000,$0,$0,$0,$0,$1.000.000,$990.000,$0,$1.990.000,$0,$0,$0,$0,$0, 1, 0,212
22/03/2022,$11.000,$11.000,$0,$0,$0,$4.000,$0,$0,$0,$11.000,$0,$6.000,$0,$0,$0,$0,$5.000, 2, 0,212
21/03/2022,$20.000,$20.000,$0,$0,$0,$0,$0,$0,$0,$20.000,$0,$0,$20.000,$0,$0,$0,$0, 1, 0,212
20/03/2022,$0,$0,$0,$0,$0,$0,$0,$0,$0,$0,$0,$0,$0,$0,$0,$0,$0, 0, 0,212
19/03/2022,$1.400.000,$1.400.000,$0,$0,$6.898.600,$100.000,$0,$6.898.600,$0,$-5.498.600,$1.400.000,$0,$0,$0,$0,$0,$0, 1, 0,212
18/03/2022,$4.006.000,$1.856.000,$1.350.000,$800.000,$4.472.700,$719.000,$0,$4.472.700,$2.150.000,$-2.616.700,$1.265.000,$2.721.000,$20.000,$0,$0,$0,$0, 6, 0,212
17/03/2022,$14.000,$14.000,$0,$0,$0,$1.000,$0,$0,$0,$14.000,$0,$0,$0,$0,$0,$0,$14.000, 1, 0,212
16/03/2022,$2.174.800,$9.800,$175.000,$1.990.000,$0,$125.200,$0,$0,$2.165.000,$9.800,$0,$0,$0,$0,$0,$0,$2.174.800, 2, 0,212
15/03/2022,$5.225.000,$5.225.000,$0,$0,$0,$210.000,$0,$0,$0,$5.225.000,$0,$1.990.000,$0,$1.990.000,$0,$0,$0, 4, 0,212
14/03/2022,$7.755.000,$5.025.000,$1.890.000,$840.000,$0,$490.000,$0,$0,$2.730.000,$5.025.000,$1.400.000,$2.965.000,$0,$0,$190.000,$0,$3.200.000, 6, 0,212
13/03/2022,$0,$0,$0,$0,$0,$0,$0,$0,$0,$0,$0,$0,$0,$0,$0,$0,$0, 0, 0,212
12/03/2022,$0,$0,$0,$0,$0,$0,$0,$0,$0,$0,$0,$0,$0,$0,$0,$0,$0, 0, 0,212
11/03/2022,$35.000,$35.000,$0,$0,$0,$0,$0,$0,$0,$35.000,$0,$35.000,$0,$0,$0,$0,$0, 1, 0,212
10/03/2022,$1.358.000,$468.000,$0,$890.000,$0,$473.000,$0,$0,$890.000,$468.000,$0,$928.000,$80.000,$0,$0,$0,$350.000, 5, 0,212
09/03/2022,$1.800.000,$1.800.000,$0,$0,$29.450,$0,$0,$29.450,$0,$1.770.550,$0,$1.800.000,$0,$0,$0,$0,$0, 1, 0,212
08/03/2022,$0,$0,$0,$0,$0,$0,$0,$0,$0,$0,$0,$0,$0,$0,$0,$0,$0, 0, 0,212
07/03/2022,$0,$0,$0,$0,$0,$0,$0,$0,$0,$0,$0,$0,$0,$0,$0,$0,$0, 0, 0,212
06/03/2022,$0,$0,$0,$0,$0,$0,$0,$0,$0,$0,$0,$0,$0,$0,$0,$0,$0, 0, 0,212
05/03/2022,$439.000,$239.000,$200.000,$0,$0,$21.000,$0,$0,$200.000,$239.000,$0,$339.000,$100.000,$0,$0,$0,$0, 3, 0,212
04/03/2022,$120.000,$0,$120.000,$0,$0,$0,$0,$0,$120.000,$0,$0,$120.000,$0,$0,$0,$0,$0, 1, 0,212
03/03/2022,$1.995.900,$1.995.900,$0,$0,$0,$1.210.000,$0,$0,$0,$1.995.900,$0,$1.990.000,$0,$5.900,$0,$0,$0, 2, 0,212
02/03/2022,$31.000,$31.000,$0,$0,$0,$7.000,$0,$0,$0,$31.000,$0,$0,$0,$31.000,$0,$0,$0, 1, 0,212
01/03/2022,$74.000,$74.000,$0,$0,$0,$10.000,$0,$0,$0,$74.000,$74.000,$0,$0,$0,$0,$0,$0, 1, 0,212
28/02/2022,$3.080.000,$2.150.000,$930.000,$0,$0,$1.410.000,$0,$0,$930.000,$2.150.000,$0,$890.000,$40.000,$2.000.000,$0,$0,$0, 4, 0,191
27/02/2022,$0,$0,$0,$0,$0,$0,$0,$0,$0,$0,$0,$0,$0,$0,$0,$0,$0, 0, 0,191
26/02/2022,$20.000,$20.000,$0,$0,$0,$0,$0,$0,$0,$20.000,$0,$0,$20.000,$0,$0,$0,$0, 1, 0,191
25/02/2022,$527.000,$317.000,$130.000,$80.000,$0,$0,$0,$0,$210.000,$317.000,$0,$130.000,$12.000,$0,$385.000,$0,$0, 4, 0,191
24/02/2022,$0,$0,$0,$0,$0,$0,$0,$0,$0,$0,$0,$0,$0,$0,$0,$0,$0, 0, 0,191
23/02/2022,$321.800,$11.800,$0,$310.000,$0,$40.000,$0,$0,$310.000,$11.800,$310.000,$0,$0,$0,$0,$0,$11.800, 2, 0,191
22/02/2022,$0,$0,$0,$0,$0,$0,$0,$0,$0,$0,$0,$0,$0,$0,$0,$0,$0, 0, 0,191
21/02/2022,$24.400,$24.400,$0,$0,$0,$100,$0,$0,$0,$24.400,$0,$4.400,$0,$20.000,$0,$0,$0, 2, 0,191
20/02/2022,$0,$0,$0,$0,$0,$0,$0,$0,$0,$0,$0,$0,$0,$0,$0,$0,$0, 0, 0,191
19/02/2022,$2.141.000,$17.000,$2.039.000,$85.000,$0,$1.236.000,$0,$0,$2.124.000,$17.000,$40.000,$2.084.000,$0,$0,$0,$0,$17.000, 5, 0,191
18/02/2022,$233.400,$48.900,$280.500,$0,$0,$3.000,$0,$0,$280.500,$48.900,$31.000,$0,$0,$96.000,$0,$0,$106.400, 4, 0,191
17/02/2022,$3.334.000,$2.289.000,$45.000,$1.000.000,$0,$1.611.000,$0,$0,$1.045.000,$2.289.000,$400.000,$0,$20.000,$0,$0,$0,$2.914.000, 4, 0,191
16/02/2022,$500.000,$0,$500.000,$0,$0,$100.000,$0,$0,$500.000,$0,$0,$500.000,$0,$0,$0,$0,$0, 1, 0,191
15/02/2022,$2.027.700,$27.700,$1.690.000,$310.000,$0,$920.000,$0,$0,$2.000.000,$27.700,$27.700,$310.000,$0,$0,$0,$0,$1.690.000, 4, 0,191
14/02/2022,$2.889.000,$0,$0,$2.889.000,$0,$1.411.000,$0,$0,$2.889.000,$0,$0,$890.000,$0,$1.999.000,$0,$0,$0, 2, 0,191
13/02/2022,$0,$0,$0,$0,$0,$0,$0,$0,$0,$0,$0,$0,$0,$0,$0,$0,$0, 0, 0,191
12/02/2022,$385.000,$5.000,$380.000,$0,$0,$220.000,$0,$0,$380.000,$5.000,$0,$385.000,$0,$0,$0,$0,$0, 1, 0,191
11/02/2022,$1.569.000,$1.470.000,$99.000,$0,$0,$71.000,$0,$0,$99.000,$1.470.000,$0,$1.470.000,$0,$0,$0,$0,$99.000, 3, 0,191
10/02/2022,$2.842.000,$942.000,$1.900.000,$0,$0,$1.510.000,$0,$0,$1.900.000,$942.000,$890.000,$0,$20.000,$0,$0,$0,$1.932.000, 5, 0,191
09/02/2022,$5.900,$5.900,$0,$0,$0,$0,$0,$0,$0,$5.900,$0,$5.900,$0,$0,$0,$0,$0, 1, 0,191
08/02/2022,$1.654.000,$1.654.000,$0,$0,$0,$270.000,$0,$0,$0,$1.654.000,$0,$1.530.000,$0,$0,$0,$0,$124.000, 2, 0,191
07/02/2022,$40.000,$40.000,$0,$0,$0,$0,$0,$0,$0,$40.000,$0,$0,$0,$0,$0,$0,$40.000, 1, 0,191
06/02/2022,$0,$0,$0,$0,$0,$0,$0,$0,$0,$0,$0,$0,$0,$0,$0,$0,$0, 0, 0,191
05/02/2022,$3.080.000,$260.000,$2.820.000,$0,$0,$650.000,$0,$0,$2.820.000,$260.000,$1.200.000,$30.000,$210.000,$0,$0,$0,$1.640.000, 6, 0,191
04/02/2022,$45.900,$45.900,$0,$0,$0,$0,$0,$0,$0,$45.900,$0,$5.900,$0,$0,$0,$0,$40.000, 2, 0,191
03/02/2022,$0,$0,$0,$0,$0,$0,$0,$0,$0,$0,$0,$0,$0,$0,$0,$0,$0, 0, 0,191
02/02/2022,$465.000,$355.000,$110.000,$0,$0,$10.000,$0,$0,$110.000,$355.000,$110.000,$0,$0,$0,$0,$0,$355.000, 2, 0,191
01/02/2022,$81.000,$20.000,$61.000,$0,$0,$9.000,$0,$0,$61.000,$20.000,$0,$0,$20.000,$0,$0,$0,$61.000, 2, 0,191
31/01/2022,$9.577.000,$1.500.000,$8.077.000,$0,$0,$2.593.000,$0,$0,$8.077.000,$1.500.000,$1.340.000,$3.805.000,$0,$0,$0,$0,$4.432.000, 6, 0,15.503
30/01/2022,$0,$0,$0,$0,$0,$0,$0,$0,$0,$0,$0,$0,$0,$0,$0,$0,$0, 0, 0,15.503
29/01/2022,$0,$0,$0,$0,$0,$0,$0,$0,$0,$0,$0,$0,$0,$0,$0,$0,$0, 0, 0,15.503
28/01/2022,$4.750.800,$1.425.000,$3.325.800,$0,$0,$1.376.000,$0,$0,$3.325.800,$1.425.000,$11.800,$1.324.000,$0,$0,$0,$0,$2.065.000, 6, 0,15.503
27/01/2022,$2.130.700,$140.700,$0,$1.990.000,$0,$1.212.000,$0,$0,$1.990.000,$140.700,$0,$0,$25.000,$0,$0,$0,$2.105.700, 4, 0,15.503
26/01/2022,$85.900,$85.900,$0,$0,$0,$0,$0,$0,$0,$85.900,$0,$85.900,$0,$0,$0,$0,$0, 1, 0,15.503
25/01/2022,$0,$0,$0,$0,$0,$0,$0,$0,$0,$0,$0,$0,$0,$0,$0,$0,$0, 0, 0,15.503
24/01/2022,$8.877.000,$0,$0,$8.877.000,$0,$5.023.000,$0,$0,$8.877.000,$0,$2.889.000,$0,$0,$0,$0,$0,$5.988.000, 3, 0,15.503
23/01/2022,$0,$0,$0,$0,$0,$0,$0,$0,$0,$0,$0,$0,$0,$0,$0,$0,$0, 0, 0,15.503
22/01/2022,$0,$0,$0,$0,$0,$0,$0,$0,$0,$0,$0,$0,$0,$0,$0,$0,$0, 0, 0,15.503
21/01/2022,$3.283.500,$19.500,$3.224.000,$40.000,$0,$656.500,$0,$0,$3.264.000,$19.500,$40.000,$2.793.500,$0,$0,$0,$0,$450.000, 5, 0,15.503
20/01/2022,$30.000,$0,$30.000,$0,$0,$5.000,$0,$0,$30.000,$0,$30.000,$0,$0,$0,$0,$0,$0, 1, 0,15.503
19/01/2022,$596.000,$0,$440.000,$156.000,$0,$144.000,$0,$0,$596.000,$0,$0,$0,$0,$156.000,$0,$0,$440.000, 2, 0,15.503
18/01/2022,$45.000,$0,$45.000,$0,$0,$35.000,$0,$0,$45.000,$0,$0,$0,$45.000,$0,$0,$0,$0, 1, 0,15.503
17/01/2022,$4.154.800,$11.800,$4.049.000,$94.000,$0,$627.000,$0,$0,$4.143.000,$11.800,$2.700.800,$0,$0,$94.000,$0,$0,$960.000, 6, 0,15.503
16/01/2022,$0,$0,$0,$0,$0,$0,$0,$0,$0,$0,$0,$0,$0,$0,$0,$0,$0, 0, 0,15.503
15/01/2022,$981.800,$91.800,$890.000,$0,$0,$15.000,$0,$0,$890.000,$91.800,$11.800,$970.000,$0,$0,$0,$0,$0, 3, 0,15.503
14/01/2022,$355.000,$355.000,$0,$0,$0,$0,$0,$0,$0,$355.000,$355.000,$0,$0,$0,$0,$0,$0, 1, 0,15.503
13/01/2022,$3.343.000,$463.000,$890.000,$1.990.000,$0,$722.000,$0,$0,$2.880.000,$463.000,$1.990.000,$0,$5.000,$890.000,$0,$0,$458.000, 5, 0,15.503
12/01/2022,$2.210.000,$20.000,$2.190.000,$0,$0,$1.210.000,$0,$0,$2.190.000,$20.000,$0,$1.990.000,$20.000,$0,$0,$0,$200.000, 3, 0,15.503
11/01/2022,$0,$0,$0,$0,$0,$0,$0,$0,$0,$0,$0,$0,$0,$0,$0,$0,$0, 0, 0,15.503
10/01/2022,$0,$0,$0,$0,$0,$0,$0,$0,$0,$0,$0,$0,$0,$0,$0,$0,$0, 0, 0,15.503
09/01/2022,$1.600.000,$1.300.000,$300.000,$0,$0,$400.000,$0,$0,$300.000,$1.300.000,$1.600.000,$0,$0,$0,$0,$0,$0, 1, 0,15.503
08/01/2022,$0,$0,$0,$0,$0,$0,$0,$0,$0,$0,$0,$0,$0,$0,$0,$0,$0, 0, 0,15.503
07/01/2022,$910.000,$910.000,$0,$0,$0,$210.000,$0,$0,$0,$910.000,$890.000,$0,$20.000,$0,$0,$0,$0, 2, 0,15.503
06/01/2022,$164.000,$45.000,$119.000,$0,$0,$31.000,$0,$0,$119.000,$45.000,$0,$0,$45.000,$0,$119.000,$0,$0, 2, 0,15.503
05/01/2022,$0,$0,$0,$0,$0,$0,$0,$0,$0,$0,$0,$0,$0,$0,$0,$0,$0, 0, 0,15.503
04/01/2022,$0,$0,$0,$0,$0,$0,$0,$0,$0,$0,$0,$0,$0,$0,$0,$0,$0, 0, 0,15.503
03/01/2022,$0,$0,$0,$0,$0,$0,$0,$0,$0,$0,$0,$0,$0,$0,$0,$0,$0, 0, 0,15.503
02/01/2022,$0,$0,$0,$0,$0,$0,$0,$0,$0,$0,$0,$0,$0,$0,$0,$0,$0, 0, 0,15.503
01/01/2022,$0,$0,$0,$0,$0,$0,$0,$0,$0,$0,$0,$0,$0,$0,$0,$0,$0, 0, 0,15.503
,,,,,,,,,,,,,,,,,,,,
,,,,,,,,,,,,,,,,,,,,
,,,,,,,,,,,,,,,,,,,,
,,,,,,,,,,,,,,,,,,,,
,,,,,,,,,,,,,,,,,,,,
,,,,,,,,,,,,,,,,,,,,
,,,,,,,,,,,,,,,,,,,,
,,,,,,,,,,,,,,,,,,,,
,,,,,,,,,,,,,,,,,,,,
,,,,,,,,,,,,,,,,,,,,
,,,,,,,,,,,,,,,,,,,,
,,,,,,,,,,,,,,,,,,,,
,,,,,,,,,,,,,,,,,,,,
,,,,,,,,,,,,,,,,,,,,
,,,,,,,,,,,,,,,,,,,,
,,,,,,,,,,,,,,,,,,,,
,,,,,,,,,,,,,,,,,,,,
,,,,,,,,,,,,,,,,,,,,
,,,,,,,,,,,,,,,,,,,,
,,,,,,,,,,,,,,,,,,,,
,,,,,,,,,,,,,,,,,,,,
,,,,,,,,,,,,,,,,,,,,
,,,,,,,,,,,,,,,,,,,,
,,,,,,,,,,,,,,,,,,,,
,,,,,,,,,,,,,,,,,,,,
,,,,,,,,,,,,,,,,,,,,
,,,,,,,,,,,,,,,,,,,,
,,,,,,,,,,,,,,,,,,,,
,,,,,,,,,,,,,,,,,,,,
,,,,,,,,,,,,,,,,,,,,
,,,,,,,,,,,,,,,,,,,,
,,,,,,,,,,,,,,,,,,,,
,,,,,,,,,,,,,,,,,,,,
,,,,,,,,,,,,,,,,,,,,
,,,,,,,,,,,,,,,,,,,,
,,,,,,,,,,,,,,,,,,,,
,,,,,,,,,,,,,,,,,,,,
,,,,,,,,,,,,,,,,,,,,
,,,,,,,,,,,,,,,,,,,,
,,,,,,,,,,,,,,,,,,,,
,,,,,,,,,,,,,,,,,,,,
